filename,video,audio,label,dummy_video,dummy_audio
aber_0140-0056,C:/github/rw/AV-HuBERT-S2S/GLips/lipread_files/aber/test/aber_0140-0056.mp4,C:/github/rw/AV-HuBERT-S2S/GLips/lipread_files/aber/test/aber_0140-0056.wav,aber,C:/github/rw/AV-HuBERT-S2S/dummy_files/aber_0140-0056_dummy_video.mp4,C:/github/rw/AV-HuBERT-S2S/dummy_files/aber_0140-0056_dummy_audio.wav
aber_0140-0057,C:/github/rw/AV-HuBERT-S2S/GLips/lipread_files/aber/test/aber_0140-0057.mp4,C:/github/rw/AV-HuBERT-S2S/GLips/lipread_files/aber/test/aber_0140-0057.wav,aber,C:/github/rw/AV-HuBERT-S2S/dummy_files/aber_0140-0057_dummy_video.mp4,C:/github/rw/AV-HuBERT-S2S/dummy_files/aber_0140-0057_dummy_audio.wav
aber_0144-0194,C:/github/rw/AV-HuBERT-S2S/GLips/lipread_files/aber/test/aber_0144-0194.mp4,C:/github/rw/AV-HuBERT-S2S/GLips/lipread_files/aber/test/aber_0144-0194.wav,aber,C:/github/rw/AV-HuBERT-S2S/dummy_files/aber_0144-0194_dummy_video.mp4,C:/github/rw/AV-HuBERT-S2S/dummy_files/aber_0144-0194_dummy_audio.wav
aber_0146-0241,C:/github/rw/AV-HuBERT-S2S/GLips/lipread_files/aber/test/aber_0146-0241.mp4,C:/github/rw/AV-HuBERT-S2S/GLips/lipread_files/aber/test/aber_0146-0241.wav,aber,C:/github/rw/AV-HuBERT-S2S/dummy_files/aber_0146-0241_dummy_video.mp4,C:/github/rw/AV-HuBERT-S2S/dummy_files/aber_0146-0241_dummy_audio.wav
aber_0153-0434,C:/github/rw/AV-HuBERT-S2S/GLips/lipread_files/aber/test/aber_0153-0434.mp4,C:/github/rw/AV-HuBERT-S2S/GLips/lipread_files/aber/test/aber_0153-0434.wav,aber,C:/github/rw/AV-HuBERT-S2S/dummy_files/aber_0153-0434_dummy_video.mp4,C:/github/rw/AV-HuBERT-S2S/dummy_files/aber_0153-0434_dummy_audio.wav
aber_0154-0482,C:/github/rw/AV-HuBERT-S2S/GLips/lipread_files/aber/test/aber_0154-0482.mp4,C:/github/rw/AV-HuBERT-S2S/GLips/lipread_files/aber/test/aber_0154-0482.wav,aber,C:/github/rw/AV-HuBERT-S2S/dummy_files/aber_0154-0482_dummy_video.mp4,C:/github/rw/AV-HuBERT-S2S/dummy_files/aber_0154-0482_dummy_audio.wav
aber_0158-0538,C:/github/rw/AV-HuBERT-S2S/GLips/lipread_files/aber/test/aber_0158-0538.mp4,C:/github/rw/AV-HuBERT-S2S/GLips/lipread_files/aber/test/aber_0158-0538.wav,aber,C:/github/rw/AV-HuBERT-S2S/dummy_files/aber_0158-0538_dummy_video.mp4,C:/github/rw/AV-HuBERT-S2S/dummy_files/aber_0158-0538_dummy_audio.wav
aber_0162-0636,C:/github/rw/AV-HuBERT-S2S/GLips/lipread_files/aber/test/aber_0162-0636.mp4,C:/github/rw/AV-HuBERT-S2S/GLips/lipread_files/aber/test/aber_0162-0636.wav,aber,C:/github/rw/AV-HuBERT-S2S/dummy_files/aber_0162-0636_dummy_video.mp4,C:/github/rw/AV-HuBERT-S2S/dummy_files/aber_0162-0636_dummy_audio.wav
aber_0163-0665,C:/github/rw/AV-HuBERT-S2S/GLips/lipread_files/aber/test/aber_0163-0665.mp4,C:/github/rw/AV-HuBERT-S2S/GLips/lipread_files/aber/test/aber_0163-0665.wav,aber,C:/github/rw/AV-HuBERT-S2S/dummy_files/aber_0163-0665_dummy_video.mp4,C:/github/rw/AV-HuBERT-S2S/dummy_files/aber_0163-0665_dummy_audio.wav
aber_0167-0757,C:/github/rw/AV-HuBERT-S2S/GLips/lipread_files/aber/test/aber_0167-0757.mp4,C:/github/rw/AV-HuBERT-S2S/GLips/lipread_files/aber/test/aber_0167-0757.wav,aber,C:/github/rw/AV-HuBERT-S2S/dummy_files/aber_0167-0757_dummy_video.mp4,C:/github/rw/AV-HuBERT-S2S/dummy_files/aber_0167-0757_dummy_audio.wav
aber_0168-0782,C:/github/rw/AV-HuBERT-S2S/GLips/lipread_files/aber/test/aber_0168-0782.mp4,C:/github/rw/AV-HuBERT-S2S/GLips/lipread_files/aber/test/aber_0168-0782.wav,aber,C:/github/rw/AV-HuBERT-S2S/dummy_files/aber_0168-0782_dummy_video.mp4,C:/github/rw/AV-HuBERT-S2S/dummy_files/aber_0168-0782_dummy_audio.wav
aber_0168-0792,C:/github/rw/AV-HuBERT-S2S/GLips/lipread_files/aber/test/aber_0168-0792.mp4,C:/github/rw/AV-HuBERT-S2S/GLips/lipread_files/aber/test/aber_0168-0792.wav,aber,C:/github/rw/AV-HuBERT-S2S/dummy_files/aber_0168-0792_dummy_video.mp4,C:/github/rw/AV-HuBERT-S2S/dummy_files/aber_0168-0792_dummy_audio.wav
aber_0183-1053,C:/github/rw/AV-HuBERT-S2S/GLips/lipread_files/aber/test/aber_0183-1053.mp4,C:/github/rw/AV-HuBERT-S2S/GLips/lipread_files/aber/test/aber_0183-1053.wav,aber,C:/github/rw/AV-HuBERT-S2S/dummy_files/aber_0183-1053_dummy_video.mp4,C:/github/rw/AV-HuBERT-S2S/dummy_files/aber_0183-1053_dummy_audio.wav
aber_0185-1096,C:/github/rw/AV-HuBERT-S2S/GLips/lipread_files/aber/test/aber_0185-1096.mp4,C:/github/rw/AV-HuBERT-S2S/GLips/lipread_files/aber/test/aber_0185-1096.wav,aber,C:/github/rw/AV-HuBERT-S2S/dummy_files/aber_0185-1096_dummy_video.mp4,C:/github/rw/AV-HuBERT-S2S/dummy_files/aber_0185-1096_dummy_audio.wav
aber_0188-1203,C:/github/rw/AV-HuBERT-S2S/GLips/lipread_files/aber/test/aber_0188-1203.mp4,C:/github/rw/AV-HuBERT-S2S/GLips/lipread_files/aber/test/aber_0188-1203.wav,aber,C:/github/rw/AV-HuBERT-S2S/dummy_files/aber_0188-1203_dummy_video.mp4,C:/github/rw/AV-HuBERT-S2S/dummy_files/aber_0188-1203_dummy_audio.wav
aber_0190-1259,C:/github/rw/AV-HuBERT-S2S/GLips/lipread_files/aber/test/aber_0190-1259.mp4,C:/github/rw/AV-HuBERT-S2S/GLips/lipread_files/aber/test/aber_0190-1259.wav,aber,C:/github/rw/AV-HuBERT-S2S/dummy_files/aber_0190-1259_dummy_video.mp4,C:/github/rw/AV-HuBERT-S2S/dummy_files/aber_0190-1259_dummy_audio.wav
aber_0197-1458,C:/github/rw/AV-HuBERT-S2S/GLips/lipread_files/aber/test/aber_0197-1458.mp4,C:/github/rw/AV-HuBERT-S2S/GLips/lipread_files/aber/test/aber_0197-1458.wav,aber,C:/github/rw/AV-HuBERT-S2S/dummy_files/aber_0197-1458_dummy_video.mp4,C:/github/rw/AV-HuBERT-S2S/dummy_files/aber_0197-1458_dummy_audio.wav
aber_0198-1512,C:/github/rw/AV-HuBERT-S2S/GLips/lipread_files/aber/test/aber_0198-1512.mp4,C:/github/rw/AV-HuBERT-S2S/GLips/lipread_files/aber/test/aber_0198-1512.wav,aber,C:/github/rw/AV-HuBERT-S2S/dummy_files/aber_0198-1512_dummy_video.mp4,C:/github/rw/AV-HuBERT-S2S/dummy_files/aber_0198-1512_dummy_audio.wav
aber_0198-1533,C:/github/rw/AV-HuBERT-S2S/GLips/lipread_files/aber/test/aber_0198-1533.mp4,C:/github/rw/AV-HuBERT-S2S/GLips/lipread_files/aber/test/aber_0198-1533.wav,aber,C:/github/rw/AV-HuBERT-S2S/dummy_files/aber_0198-1533_dummy_video.mp4,C:/github/rw/AV-HuBERT-S2S/dummy_files/aber_0198-1533_dummy_audio.wav
aber_0204-1620,C:/github/rw/AV-HuBERT-S2S/GLips/lipread_files/aber/test/aber_0204-1620.mp4,C:/github/rw/AV-HuBERT-S2S/GLips/lipread_files/aber/test/aber_0204-1620.wav,aber,C:/github/rw/AV-HuBERT-S2S/dummy_files/aber_0204-1620_dummy_video.mp4,C:/github/rw/AV-HuBERT-S2S/dummy_files/aber_0204-1620_dummy_audio.wav
aber_0204-1628,C:/github/rw/AV-HuBERT-S2S/GLips/lipread_files/aber/test/aber_0204-1628.mp4,C:/github/rw/AV-HuBERT-S2S/GLips/lipread_files/aber/test/aber_0204-1628.wav,aber,C:/github/rw/AV-HuBERT-S2S/dummy_files/aber_0204-1628_dummy_video.mp4,C:/github/rw/AV-HuBERT-S2S/dummy_files/aber_0204-1628_dummy_audio.wav
aber_0205-1636,C:/github/rw/AV-HuBERT-S2S/GLips/lipread_files/aber/test/aber_0205-1636.mp4,C:/github/rw/AV-HuBERT-S2S/GLips/lipread_files/aber/test/aber_0205-1636.wav,aber,C:/github/rw/AV-HuBERT-S2S/dummy_files/aber_0205-1636_dummy_video.mp4,C:/github/rw/AV-HuBERT-S2S/dummy_files/aber_0205-1636_dummy_audio.wav
aber_0212-1774,C:/github/rw/AV-HuBERT-S2S/GLips/lipread_files/aber/test/aber_0212-1774.mp4,C:/github/rw/AV-HuBERT-S2S/GLips/lipread_files/aber/test/aber_0212-1774.wav,aber,C:/github/rw/AV-HuBERT-S2S/dummy_files/aber_0212-1774_dummy_video.mp4,C:/github/rw/AV-HuBERT-S2S/dummy_files/aber_0212-1774_dummy_audio.wav
aber_0223-2029,C:/github/rw/AV-HuBERT-S2S/GLips/lipread_files/aber/test/aber_0223-2029.mp4,C:/github/rw/AV-HuBERT-S2S/GLips/lipread_files/aber/test/aber_0223-2029.wav,aber,C:/github/rw/AV-HuBERT-S2S/dummy_files/aber_0223-2029_dummy_video.mp4,C:/github/rw/AV-HuBERT-S2S/dummy_files/aber_0223-2029_dummy_audio.wav
aber_0223-2060,C:/github/rw/AV-HuBERT-S2S/GLips/lipread_files/aber/test/aber_0223-2060.mp4,C:/github/rw/AV-HuBERT-S2S/GLips/lipread_files/aber/test/aber_0223-2060.wav,aber,C:/github/rw/AV-HuBERT-S2S/dummy_files/aber_0223-2060_dummy_video.mp4,C:/github/rw/AV-HuBERT-S2S/dummy_files/aber_0223-2060_dummy_audio.wav
aber_0225-2116,C:/github/rw/AV-HuBERT-S2S/GLips/lipread_files/aber/test/aber_0225-2116.mp4,C:/github/rw/AV-HuBERT-S2S/GLips/lipread_files/aber/test/aber_0225-2116.wav,aber,C:/github/rw/AV-HuBERT-S2S/dummy_files/aber_0225-2116_dummy_video.mp4,C:/github/rw/AV-HuBERT-S2S/dummy_files/aber_0225-2116_dummy_audio.wav
aber_0227-2165,C:/github/rw/AV-HuBERT-S2S/GLips/lipread_files/aber/test/aber_0227-2165.mp4,C:/github/rw/AV-HuBERT-S2S/GLips/lipread_files/aber/test/aber_0227-2165.wav,aber,C:/github/rw/AV-HuBERT-S2S/dummy_files/aber_0227-2165_dummy_video.mp4,C:/github/rw/AV-HuBERT-S2S/dummy_files/aber_0227-2165_dummy_audio.wav
aber_0230-2226,C:/github/rw/AV-HuBERT-S2S/GLips/lipread_files/aber/test/aber_0230-2226.mp4,C:/github/rw/AV-HuBERT-S2S/GLips/lipread_files/aber/test/aber_0230-2226.wav,aber,C:/github/rw/AV-HuBERT-S2S/dummy_files/aber_0230-2226_dummy_video.mp4,C:/github/rw/AV-HuBERT-S2S/dummy_files/aber_0230-2226_dummy_audio.wav
aber_0254-2605,C:/github/rw/AV-HuBERT-S2S/GLips/lipread_files/aber/test/aber_0254-2605.mp4,C:/github/rw/AV-HuBERT-S2S/GLips/lipread_files/aber/test/aber_0254-2605.wav,aber,C:/github/rw/AV-HuBERT-S2S/dummy_files/aber_0254-2605_dummy_video.mp4,C:/github/rw/AV-HuBERT-S2S/dummy_files/aber_0254-2605_dummy_audio.wav
aber_0260-2696,C:/github/rw/AV-HuBERT-S2S/GLips/lipread_files/aber/test/aber_0260-2696.mp4,C:/github/rw/AV-HuBERT-S2S/GLips/lipread_files/aber/test/aber_0260-2696.wav,aber,C:/github/rw/AV-HuBERT-S2S/dummy_files/aber_0260-2696_dummy_video.mp4,C:/github/rw/AV-HuBERT-S2S/dummy_files/aber_0260-2696_dummy_audio.wav
aber_0260-2700,C:/github/rw/AV-HuBERT-S2S/GLips/lipread_files/aber/test/aber_0260-2700.mp4,C:/github/rw/AV-HuBERT-S2S/GLips/lipread_files/aber/test/aber_0260-2700.wav,aber,C:/github/rw/AV-HuBERT-S2S/dummy_files/aber_0260-2700_dummy_video.mp4,C:/github/rw/AV-HuBERT-S2S/dummy_files/aber_0260-2700_dummy_audio.wav
aber_0269-2913,C:/github/rw/AV-HuBERT-S2S/GLips/lipread_files/aber/test/aber_0269-2913.mp4,C:/github/rw/AV-HuBERT-S2S/GLips/lipread_files/aber/test/aber_0269-2913.wav,aber,C:/github/rw/AV-HuBERT-S2S/dummy_files/aber_0269-2913_dummy_video.mp4,C:/github/rw/AV-HuBERT-S2S/dummy_files/aber_0269-2913_dummy_audio.wav
aber_0276-3032,C:/github/rw/AV-HuBERT-S2S/GLips/lipread_files/aber/test/aber_0276-3032.mp4,C:/github/rw/AV-HuBERT-S2S/GLips/lipread_files/aber/test/aber_0276-3032.wav,aber,C:/github/rw/AV-HuBERT-S2S/dummy_files/aber_0276-3032_dummy_video.mp4,C:/github/rw/AV-HuBERT-S2S/dummy_files/aber_0276-3032_dummy_audio.wav
aber_0276-3050,C:/github/rw/AV-HuBERT-S2S/GLips/lipread_files/aber/test/aber_0276-3050.mp4,C:/github/rw/AV-HuBERT-S2S/GLips/lipread_files/aber/test/aber_0276-3050.wav,aber,C:/github/rw/AV-HuBERT-S2S/dummy_files/aber_0276-3050_dummy_video.mp4,C:/github/rw/AV-HuBERT-S2S/dummy_files/aber_0276-3050_dummy_audio.wav
aber_0285-3247,C:/github/rw/AV-HuBERT-S2S/GLips/lipread_files/aber/test/aber_0285-3247.mp4,C:/github/rw/AV-HuBERT-S2S/GLips/lipread_files/aber/test/aber_0285-3247.wav,aber,C:/github/rw/AV-HuBERT-S2S/dummy_files/aber_0285-3247_dummy_video.mp4,C:/github/rw/AV-HuBERT-S2S/dummy_files/aber_0285-3247_dummy_audio.wav
aber_0293-3430,C:/github/rw/AV-HuBERT-S2S/GLips/lipread_files/aber/test/aber_0293-3430.mp4,C:/github/rw/AV-HuBERT-S2S/GLips/lipread_files/aber/test/aber_0293-3430.wav,aber,C:/github/rw/AV-HuBERT-S2S/dummy_files/aber_0293-3430_dummy_video.mp4,C:/github/rw/AV-HuBERT-S2S/dummy_files/aber_0293-3430_dummy_audio.wav
aber_0303-3657,C:/github/rw/AV-HuBERT-S2S/GLips/lipread_files/aber/test/aber_0303-3657.mp4,C:/github/rw/AV-HuBERT-S2S/GLips/lipread_files/aber/test/aber_0303-3657.wav,aber,C:/github/rw/AV-HuBERT-S2S/dummy_files/aber_0303-3657_dummy_video.mp4,C:/github/rw/AV-HuBERT-S2S/dummy_files/aber_0303-3657_dummy_audio.wav
aber_0309-3756,C:/github/rw/AV-HuBERT-S2S/GLips/lipread_files/aber/test/aber_0309-3756.mp4,C:/github/rw/AV-HuBERT-S2S/GLips/lipread_files/aber/test/aber_0309-3756.wav,aber,C:/github/rw/AV-HuBERT-S2S/dummy_files/aber_0309-3756_dummy_video.mp4,C:/github/rw/AV-HuBERT-S2S/dummy_files/aber_0309-3756_dummy_audio.wav
aber_0309-3770,C:/github/rw/AV-HuBERT-S2S/GLips/lipread_files/aber/test/aber_0309-3770.mp4,C:/github/rw/AV-HuBERT-S2S/GLips/lipread_files/aber/test/aber_0309-3770.wav,aber,C:/github/rw/AV-HuBERT-S2S/dummy_files/aber_0309-3770_dummy_video.mp4,C:/github/rw/AV-HuBERT-S2S/dummy_files/aber_0309-3770_dummy_audio.wav
aber_0315-3947,C:/github/rw/AV-HuBERT-S2S/GLips/lipread_files/aber/test/aber_0315-3947.mp4,C:/github/rw/AV-HuBERT-S2S/GLips/lipread_files/aber/test/aber_0315-3947.wav,aber,C:/github/rw/AV-HuBERT-S2S/dummy_files/aber_0315-3947_dummy_video.mp4,C:/github/rw/AV-HuBERT-S2S/dummy_files/aber_0315-3947_dummy_audio.wav
aber_0315-3952,C:/github/rw/AV-HuBERT-S2S/GLips/lipread_files/aber/test/aber_0315-3952.mp4,C:/github/rw/AV-HuBERT-S2S/GLips/lipread_files/aber/test/aber_0315-3952.wav,aber,C:/github/rw/AV-HuBERT-S2S/dummy_files/aber_0315-3952_dummy_video.mp4,C:/github/rw/AV-HuBERT-S2S/dummy_files/aber_0315-3952_dummy_audio.wav
aber_0316-4012,C:/github/rw/AV-HuBERT-S2S/GLips/lipread_files/aber/test/aber_0316-4012.mp4,C:/github/rw/AV-HuBERT-S2S/GLips/lipread_files/aber/test/aber_0316-4012.wav,aber,C:/github/rw/AV-HuBERT-S2S/dummy_files/aber_0316-4012_dummy_video.mp4,C:/github/rw/AV-HuBERT-S2S/dummy_files/aber_0316-4012_dummy_audio.wav
aber_0322-4153,C:/github/rw/AV-HuBERT-S2S/GLips/lipread_files/aber/test/aber_0322-4153.mp4,C:/github/rw/AV-HuBERT-S2S/GLips/lipread_files/aber/test/aber_0322-4153.wav,aber,C:/github/rw/AV-HuBERT-S2S/dummy_files/aber_0322-4153_dummy_video.mp4,C:/github/rw/AV-HuBERT-S2S/dummy_files/aber_0322-4153_dummy_audio.wav
aber_0327-4298,C:/github/rw/AV-HuBERT-S2S/GLips/lipread_files/aber/test/aber_0327-4298.mp4,C:/github/rw/AV-HuBERT-S2S/GLips/lipread_files/aber/test/aber_0327-4298.wav,aber,C:/github/rw/AV-HuBERT-S2S/dummy_files/aber_0327-4298_dummy_video.mp4,C:/github/rw/AV-HuBERT-S2S/dummy_files/aber_0327-4298_dummy_audio.wav
aber_0327-4302,C:/github/rw/AV-HuBERT-S2S/GLips/lipread_files/aber/test/aber_0327-4302.mp4,C:/github/rw/AV-HuBERT-S2S/GLips/lipread_files/aber/test/aber_0327-4302.wav,aber,C:/github/rw/AV-HuBERT-S2S/dummy_files/aber_0327-4302_dummy_video.mp4,C:/github/rw/AV-HuBERT-S2S/dummy_files/aber_0327-4302_dummy_audio.wav
aber_0328-4347,C:/github/rw/AV-HuBERT-S2S/GLips/lipread_files/aber/test/aber_0328-4347.mp4,C:/github/rw/AV-HuBERT-S2S/GLips/lipread_files/aber/test/aber_0328-4347.wav,aber,C:/github/rw/AV-HuBERT-S2S/dummy_files/aber_0328-4347_dummy_video.mp4,C:/github/rw/AV-HuBERT-S2S/dummy_files/aber_0328-4347_dummy_audio.wav
aber_0335-4508,C:/github/rw/AV-HuBERT-S2S/GLips/lipread_files/aber/test/aber_0335-4508.mp4,C:/github/rw/AV-HuBERT-S2S/GLips/lipread_files/aber/test/aber_0335-4508.wav,aber,C:/github/rw/AV-HuBERT-S2S/dummy_files/aber_0335-4508_dummy_video.mp4,C:/github/rw/AV-HuBERT-S2S/dummy_files/aber_0335-4508_dummy_audio.wav
aber_0336-4523,C:/github/rw/AV-HuBERT-S2S/GLips/lipread_files/aber/test/aber_0336-4523.mp4,C:/github/rw/AV-HuBERT-S2S/GLips/lipread_files/aber/test/aber_0336-4523.wav,aber,C:/github/rw/AV-HuBERT-S2S/dummy_files/aber_0336-4523_dummy_video.mp4,C:/github/rw/AV-HuBERT-S2S/dummy_files/aber_0336-4523_dummy_audio.wav
aber_0341-4614,C:/github/rw/AV-HuBERT-S2S/GLips/lipread_files/aber/test/aber_0341-4614.mp4,C:/github/rw/AV-HuBERT-S2S/GLips/lipread_files/aber/test/aber_0341-4614.wav,aber,C:/github/rw/AV-HuBERT-S2S/dummy_files/aber_0341-4614_dummy_video.mp4,C:/github/rw/AV-HuBERT-S2S/dummy_files/aber_0341-4614_dummy_audio.wav
aber_0342-4649,C:/github/rw/AV-HuBERT-S2S/GLips/lipread_files/aber/test/aber_0342-4649.mp4,C:/github/rw/AV-HuBERT-S2S/GLips/lipread_files/aber/test/aber_0342-4649.wav,aber,C:/github/rw/AV-HuBERT-S2S/dummy_files/aber_0342-4649_dummy_video.mp4,C:/github/rw/AV-HuBERT-S2S/dummy_files/aber_0342-4649_dummy_audio.wav
abgeordneten_0023-0073,C:/github/rw/AV-HuBERT-S2S/GLips/lipread_files/abgeordneten/test/abgeordneten_0023-0073.mp4,C:/github/rw/AV-HuBERT-S2S/GLips/lipread_files/abgeordneten/test/abgeordneten_0023-0073.wav,abgeordneten,C:/github/rw/AV-HuBERT-S2S/dummy_files/abgeordneten_0023-0073_dummy_video.mp4,C:/github/rw/AV-HuBERT-S2S/dummy_files/abgeordneten_0023-0073_dummy_audio.wav
abgeordneten_0028-0081,C:/github/rw/AV-HuBERT-S2S/GLips/lipread_files/abgeordneten/test/abgeordneten_0028-0081.mp4,C:/github/rw/AV-HuBERT-S2S/GLips/lipread_files/abgeordneten/test/abgeordneten_0028-0081.wav,abgeordneten,C:/github/rw/AV-HuBERT-S2S/dummy_files/abgeordneten_0028-0081_dummy_video.mp4,C:/github/rw/AV-HuBERT-S2S/dummy_files/abgeordneten_0028-0081_dummy_audio.wav
abgeordneten_0030-0084,C:/github/rw/AV-HuBERT-S2S/GLips/lipread_files/abgeordneten/test/abgeordneten_0030-0084.mp4,C:/github/rw/AV-HuBERT-S2S/GLips/lipread_files/abgeordneten/test/abgeordneten_0030-0084.wav,abgeordneten,C:/github/rw/AV-HuBERT-S2S/dummy_files/abgeordneten_0030-0084_dummy_video.mp4,C:/github/rw/AV-HuBERT-S2S/dummy_files/abgeordneten_0030-0084_dummy_audio.wav
abgeordneten_0038-0107,C:/github/rw/AV-HuBERT-S2S/GLips/lipread_files/abgeordneten/test/abgeordneten_0038-0107.mp4,C:/github/rw/AV-HuBERT-S2S/GLips/lipread_files/abgeordneten/test/abgeordneten_0038-0107.wav,abgeordneten,C:/github/rw/AV-HuBERT-S2S/dummy_files/abgeordneten_0038-0107_dummy_video.mp4,C:/github/rw/AV-HuBERT-S2S/dummy_files/abgeordneten_0038-0107_dummy_audio.wav
abgeordneten_0046-0118,C:/github/rw/AV-HuBERT-S2S/GLips/lipread_files/abgeordneten/test/abgeordneten_0046-0118.mp4,C:/github/rw/AV-HuBERT-S2S/GLips/lipread_files/abgeordneten/test/abgeordneten_0046-0118.wav,abgeordneten,C:/github/rw/AV-HuBERT-S2S/dummy_files/abgeordneten_0046-0118_dummy_video.mp4,C:/github/rw/AV-HuBERT-S2S/dummy_files/abgeordneten_0046-0118_dummy_audio.wav
abgeordneten_0050-0121,C:/github/rw/AV-HuBERT-S2S/GLips/lipread_files/abgeordneten/test/abgeordneten_0050-0121.mp4,C:/github/rw/AV-HuBERT-S2S/GLips/lipread_files/abgeordneten/test/abgeordneten_0050-0121.wav,abgeordneten,C:/github/rw/AV-HuBERT-S2S/dummy_files/abgeordneten_0050-0121_dummy_video.mp4,C:/github/rw/AV-HuBERT-S2S/dummy_files/abgeordneten_0050-0121_dummy_audio.wav
abgeordneten_0062-0130,C:/github/rw/AV-HuBERT-S2S/GLips/lipread_files/abgeordneten/test/abgeordneten_0062-0130.mp4,C:/github/rw/AV-HuBERT-S2S/GLips/lipread_files/abgeordneten/test/abgeordneten_0062-0130.wav,abgeordneten,C:/github/rw/AV-HuBERT-S2S/dummy_files/abgeordneten_0062-0130_dummy_video.mp4,C:/github/rw/AV-HuBERT-S2S/dummy_files/abgeordneten_0062-0130_dummy_audio.wav
abgeordneten_0132-0170,C:/github/rw/AV-HuBERT-S2S/GLips/lipread_files/abgeordneten/test/abgeordneten_0132-0170.mp4,C:/github/rw/AV-HuBERT-S2S/GLips/lipread_files/abgeordneten/test/abgeordneten_0132-0170.wav,abgeordneten,C:/github/rw/AV-HuBERT-S2S/dummy_files/abgeordneten_0132-0170_dummy_video.mp4,C:/github/rw/AV-HuBERT-S2S/dummy_files/abgeordneten_0132-0170_dummy_audio.wav
abgeordneten_0132-0171,C:/github/rw/AV-HuBERT-S2S/GLips/lipread_files/abgeordneten/test/abgeordneten_0132-0171.mp4,C:/github/rw/AV-HuBERT-S2S/GLips/lipread_files/abgeordneten/test/abgeordneten_0132-0171.wav,abgeordneten,C:/github/rw/AV-HuBERT-S2S/dummy_files/abgeordneten_0132-0171_dummy_video.mp4,C:/github/rw/AV-HuBERT-S2S/dummy_files/abgeordneten_0132-0171_dummy_audio.wav
abgeordneten_0220-0224,C:/github/rw/AV-HuBERT-S2S/GLips/lipread_files/abgeordneten/test/abgeordneten_0220-0224.mp4,C:/github/rw/AV-HuBERT-S2S/GLips/lipread_files/abgeordneten/test/abgeordneten_0220-0224.wav,abgeordneten,C:/github/rw/AV-HuBERT-S2S/dummy_files/abgeordneten_0220-0224_dummy_video.mp4,C:/github/rw/AV-HuBERT-S2S/dummy_files/abgeordneten_0220-0224_dummy_audio.wav
abgeordneten_0267-0268,C:/github/rw/AV-HuBERT-S2S/GLips/lipread_files/abgeordneten/test/abgeordneten_0267-0268.mp4,C:/github/rw/AV-HuBERT-S2S/GLips/lipread_files/abgeordneten/test/abgeordneten_0267-0268.wav,abgeordneten,C:/github/rw/AV-HuBERT-S2S/dummy_files/abgeordneten_0267-0268_dummy_video.mp4,C:/github/rw/AV-HuBERT-S2S/dummy_files/abgeordneten_0267-0268_dummy_audio.wav
abgeordneten_0273-0275,C:/github/rw/AV-HuBERT-S2S/GLips/lipread_files/abgeordneten/test/abgeordneten_0273-0275.mp4,C:/github/rw/AV-HuBERT-S2S/GLips/lipread_files/abgeordneten/test/abgeordneten_0273-0275.wav,abgeordneten,C:/github/rw/AV-HuBERT-S2S/dummy_files/abgeordneten_0273-0275_dummy_video.mp4,C:/github/rw/AV-HuBERT-S2S/dummy_files/abgeordneten_0273-0275_dummy_audio.wav
abgeordneten_0298-0306,C:/github/rw/AV-HuBERT-S2S/GLips/lipread_files/abgeordneten/test/abgeordneten_0298-0306.mp4,C:/github/rw/AV-HuBERT-S2S/GLips/lipread_files/abgeordneten/test/abgeordneten_0298-0306.wav,abgeordneten,C:/github/rw/AV-HuBERT-S2S/dummy_files/abgeordneten_0298-0306_dummy_video.mp4,C:/github/rw/AV-HuBERT-S2S/dummy_files/abgeordneten_0298-0306_dummy_audio.wav
abgeordneten_0315-0316,C:/github/rw/AV-HuBERT-S2S/GLips/lipread_files/abgeordneten/test/abgeordneten_0315-0316.mp4,C:/github/rw/AV-HuBERT-S2S/GLips/lipread_files/abgeordneten/test/abgeordneten_0315-0316.wav,abgeordneten,C:/github/rw/AV-HuBERT-S2S/dummy_files/abgeordneten_0315-0316_dummy_video.mp4,C:/github/rw/AV-HuBERT-S2S/dummy_files/abgeordneten_0315-0316_dummy_audio.wav
abgeordneten_0315-0317,C:/github/rw/AV-HuBERT-S2S/GLips/lipread_files/abgeordneten/test/abgeordneten_0315-0317.mp4,C:/github/rw/AV-HuBERT-S2S/GLips/lipread_files/abgeordneten/test/abgeordneten_0315-0317.wav,abgeordneten,C:/github/rw/AV-HuBERT-S2S/dummy_files/abgeordneten_0315-0317_dummy_video.mp4,C:/github/rw/AV-HuBERT-S2S/dummy_files/abgeordneten_0315-0317_dummy_audio.wav
abgeordneten_0316-0323,C:/github/rw/AV-HuBERT-S2S/GLips/lipread_files/abgeordneten/test/abgeordneten_0316-0323.mp4,C:/github/rw/AV-HuBERT-S2S/GLips/lipread_files/abgeordneten/test/abgeordneten_0316-0323.wav,abgeordneten,C:/github/rw/AV-HuBERT-S2S/dummy_files/abgeordneten_0316-0323_dummy_video.mp4,C:/github/rw/AV-HuBERT-S2S/dummy_files/abgeordneten_0316-0323_dummy_audio.wav
abgeordneten_0324-0334,C:/github/rw/AV-HuBERT-S2S/GLips/lipread_files/abgeordneten/test/abgeordneten_0324-0334.mp4,C:/github/rw/AV-HuBERT-S2S/GLips/lipread_files/abgeordneten/test/abgeordneten_0324-0334.wav,abgeordneten,C:/github/rw/AV-HuBERT-S2S/dummy_files/abgeordneten_0324-0334_dummy_video.mp4,C:/github/rw/AV-HuBERT-S2S/dummy_files/abgeordneten_0324-0334_dummy_audio.wav
abgeordneten_0337-0354,C:/github/rw/AV-HuBERT-S2S/GLips/lipread_files/abgeordneten/test/abgeordneten_0337-0354.mp4,C:/github/rw/AV-HuBERT-S2S/GLips/lipread_files/abgeordneten/test/abgeordneten_0337-0354.wav,abgeordneten,C:/github/rw/AV-HuBERT-S2S/dummy_files/abgeordneten_0337-0354_dummy_video.mp4,C:/github/rw/AV-HuBERT-S2S/dummy_files/abgeordneten_0337-0354_dummy_audio.wav
abgeordneten_0343-0371,C:/github/rw/AV-HuBERT-S2S/GLips/lipread_files/abgeordneten/test/abgeordneten_0343-0371.mp4,C:/github/rw/AV-HuBERT-S2S/GLips/lipread_files/abgeordneten/test/abgeordneten_0343-0371.wav,abgeordneten,C:/github/rw/AV-HuBERT-S2S/dummy_files/abgeordneten_0343-0371_dummy_video.mp4,C:/github/rw/AV-HuBERT-S2S/dummy_files/abgeordneten_0343-0371_dummy_audio.wav
abgeordneten_0359-0553,C:/github/rw/AV-HuBERT-S2S/GLips/lipread_files/abgeordneten/test/abgeordneten_0359-0553.mp4,C:/github/rw/AV-HuBERT-S2S/GLips/lipread_files/abgeordneten/test/abgeordneten_0359-0553.wav,abgeordneten,C:/github/rw/AV-HuBERT-S2S/dummy_files/abgeordneten_0359-0553_dummy_video.mp4,C:/github/rw/AV-HuBERT-S2S/dummy_files/abgeordneten_0359-0553_dummy_audio.wav
abgeordneten_0380-0396,C:/github/rw/AV-HuBERT-S2S/GLips/lipread_files/abgeordneten/test/abgeordneten_0380-0396.mp4,C:/github/rw/AV-HuBERT-S2S/GLips/lipread_files/abgeordneten/test/abgeordneten_0380-0396.wav,abgeordneten,C:/github/rw/AV-HuBERT-S2S/dummy_files/abgeordneten_0380-0396_dummy_video.mp4,C:/github/rw/AV-HuBERT-S2S/dummy_files/abgeordneten_0380-0396_dummy_audio.wav
abgeordneten_0401-0421,C:/github/rw/AV-HuBERT-S2S/GLips/lipread_files/abgeordneten/test/abgeordneten_0401-0421.mp4,C:/github/rw/AV-HuBERT-S2S/GLips/lipread_files/abgeordneten/test/abgeordneten_0401-0421.wav,abgeordneten,C:/github/rw/AV-HuBERT-S2S/dummy_files/abgeordneten_0401-0421_dummy_video.mp4,C:/github/rw/AV-HuBERT-S2S/dummy_files/abgeordneten_0401-0421_dummy_audio.wav
abgeordneten_0411-0440,C:/github/rw/AV-HuBERT-S2S/GLips/lipread_files/abgeordneten/test/abgeordneten_0411-0440.mp4,C:/github/rw/AV-HuBERT-S2S/GLips/lipread_files/abgeordneten/test/abgeordneten_0411-0440.wav,abgeordneten,C:/github/rw/AV-HuBERT-S2S/dummy_files/abgeordneten_0411-0440_dummy_video.mp4,C:/github/rw/AV-HuBERT-S2S/dummy_files/abgeordneten_0411-0440_dummy_audio.wav
abgeordneten_0426-0453,C:/github/rw/AV-HuBERT-S2S/GLips/lipread_files/abgeordneten/test/abgeordneten_0426-0453.mp4,C:/github/rw/AV-HuBERT-S2S/GLips/lipread_files/abgeordneten/test/abgeordneten_0426-0453.wav,abgeordneten,C:/github/rw/AV-HuBERT-S2S/dummy_files/abgeordneten_0426-0453_dummy_video.mp4,C:/github/rw/AV-HuBERT-S2S/dummy_files/abgeordneten_0426-0453_dummy_audio.wav
abgeordneten_0438-0461,C:/github/rw/AV-HuBERT-S2S/GLips/lipread_files/abgeordneten/test/abgeordneten_0438-0461.mp4,C:/github/rw/AV-HuBERT-S2S/GLips/lipread_files/abgeordneten/test/abgeordneten_0438-0461.wav,abgeordneten,C:/github/rw/AV-HuBERT-S2S/dummy_files/abgeordneten_0438-0461_dummy_video.mp4,C:/github/rw/AV-HuBERT-S2S/dummy_files/abgeordneten_0438-0461_dummy_audio.wav
abgeordneten_0460-0476,C:/github/rw/AV-HuBERT-S2S/GLips/lipread_files/abgeordneten/test/abgeordneten_0460-0476.mp4,C:/github/rw/AV-HuBERT-S2S/GLips/lipread_files/abgeordneten/test/abgeordneten_0460-0476.wav,abgeordneten,C:/github/rw/AV-HuBERT-S2S/dummy_files/abgeordneten_0460-0476_dummy_video.mp4,C:/github/rw/AV-HuBERT-S2S/dummy_files/abgeordneten_0460-0476_dummy_audio.wav
abgeordneten_0496-0505,C:/github/rw/AV-HuBERT-S2S/GLips/lipread_files/abgeordneten/test/abgeordneten_0496-0505.mp4,C:/github/rw/AV-HuBERT-S2S/GLips/lipread_files/abgeordneten/test/abgeordneten_0496-0505.wav,abgeordneten,C:/github/rw/AV-HuBERT-S2S/dummy_files/abgeordneten_0496-0505_dummy_video.mp4,C:/github/rw/AV-HuBERT-S2S/dummy_files/abgeordneten_0496-0505_dummy_audio.wav
abgeordneten_0540-0534,C:/github/rw/AV-HuBERT-S2S/GLips/lipread_files/abgeordneten/test/abgeordneten_0540-0534.mp4,C:/github/rw/AV-HuBERT-S2S/GLips/lipread_files/abgeordneten/test/abgeordneten_0540-0534.wav,abgeordneten,C:/github/rw/AV-HuBERT-S2S/dummy_files/abgeordneten_0540-0534_dummy_video.mp4,C:/github/rw/AV-HuBERT-S2S/dummy_files/abgeordneten_0540-0534_dummy_audio.wav
abgeordneten_0541-0536,C:/github/rw/AV-HuBERT-S2S/GLips/lipread_files/abgeordneten/test/abgeordneten_0541-0536.mp4,C:/github/rw/AV-HuBERT-S2S/GLips/lipread_files/abgeordneten/test/abgeordneten_0541-0536.wav,abgeordneten,C:/github/rw/AV-HuBERT-S2S/dummy_files/abgeordneten_0541-0536_dummy_video.mp4,C:/github/rw/AV-HuBERT-S2S/dummy_files/abgeordneten_0541-0536_dummy_audio.wav
abgeordneten_0561-0561,C:/github/rw/AV-HuBERT-S2S/GLips/lipread_files/abgeordneten/test/abgeordneten_0561-0561.mp4,C:/github/rw/AV-HuBERT-S2S/GLips/lipread_files/abgeordneten/test/abgeordneten_0561-0561.wav,abgeordneten,C:/github/rw/AV-HuBERT-S2S/dummy_files/abgeordneten_0561-0561_dummy_video.mp4,C:/github/rw/AV-HuBERT-S2S/dummy_files/abgeordneten_0561-0561_dummy_audio.wav
abgeordneten_0561-0562,C:/github/rw/AV-HuBERT-S2S/GLips/lipread_files/abgeordneten/test/abgeordneten_0561-0562.mp4,C:/github/rw/AV-HuBERT-S2S/GLips/lipread_files/abgeordneten/test/abgeordneten_0561-0562.wav,abgeordneten,C:/github/rw/AV-HuBERT-S2S/dummy_files/abgeordneten_0561-0562_dummy_video.mp4,C:/github/rw/AV-HuBERT-S2S/dummy_files/abgeordneten_0561-0562_dummy_audio.wav
abgeordneten_0562-0563,C:/github/rw/AV-HuBERT-S2S/GLips/lipread_files/abgeordneten/test/abgeordneten_0562-0563.mp4,C:/github/rw/AV-HuBERT-S2S/GLips/lipread_files/abgeordneten/test/abgeordneten_0562-0563.wav,abgeordneten,C:/github/rw/AV-HuBERT-S2S/dummy_files/abgeordneten_0562-0563_dummy_video.mp4,C:/github/rw/AV-HuBERT-S2S/dummy_files/abgeordneten_0562-0563_dummy_audio.wav
abgeordneten_0571-0565,C:/github/rw/AV-HuBERT-S2S/GLips/lipread_files/abgeordneten/test/abgeordneten_0571-0565.mp4,C:/github/rw/AV-HuBERT-S2S/GLips/lipread_files/abgeordneten/test/abgeordneten_0571-0565.wav,abgeordneten,C:/github/rw/AV-HuBERT-S2S/dummy_files/abgeordneten_0571-0565_dummy_video.mp4,C:/github/rw/AV-HuBERT-S2S/dummy_files/abgeordneten_0571-0565_dummy_audio.wav
abgeordneten_0625-0624,C:/github/rw/AV-HuBERT-S2S/GLips/lipread_files/abgeordneten/test/abgeordneten_0625-0624.mp4,C:/github/rw/AV-HuBERT-S2S/GLips/lipread_files/abgeordneten/test/abgeordneten_0625-0624.wav,abgeordneten,C:/github/rw/AV-HuBERT-S2S/dummy_files/abgeordneten_0625-0624_dummy_video.mp4,C:/github/rw/AV-HuBERT-S2S/dummy_files/abgeordneten_0625-0624_dummy_audio.wav
abgeordneten_0626-0627,C:/github/rw/AV-HuBERT-S2S/GLips/lipread_files/abgeordneten/test/abgeordneten_0626-0627.mp4,C:/github/rw/AV-HuBERT-S2S/GLips/lipread_files/abgeordneten/test/abgeordneten_0626-0627.wav,abgeordneten,C:/github/rw/AV-HuBERT-S2S/dummy_files/abgeordneten_0626-0627_dummy_video.mp4,C:/github/rw/AV-HuBERT-S2S/dummy_files/abgeordneten_0626-0627_dummy_audio.wav
abgeordneten_0729-0699,C:/github/rw/AV-HuBERT-S2S/GLips/lipread_files/abgeordneten/test/abgeordneten_0729-0699.mp4,C:/github/rw/AV-HuBERT-S2S/GLips/lipread_files/abgeordneten/test/abgeordneten_0729-0699.wav,abgeordneten,C:/github/rw/AV-HuBERT-S2S/dummy_files/abgeordneten_0729-0699_dummy_video.mp4,C:/github/rw/AV-HuBERT-S2S/dummy_files/abgeordneten_0729-0699_dummy_audio.wav
abgeordneten_0766-0718,C:/github/rw/AV-HuBERT-S2S/GLips/lipread_files/abgeordneten/test/abgeordneten_0766-0718.mp4,C:/github/rw/AV-HuBERT-S2S/GLips/lipread_files/abgeordneten/test/abgeordneten_0766-0718.wav,abgeordneten,C:/github/rw/AV-HuBERT-S2S/dummy_files/abgeordneten_0766-0718_dummy_video.mp4,C:/github/rw/AV-HuBERT-S2S/dummy_files/abgeordneten_0766-0718_dummy_audio.wav
abgeordneten_0786-0731,C:/github/rw/AV-HuBERT-S2S/GLips/lipread_files/abgeordneten/test/abgeordneten_0786-0731.mp4,C:/github/rw/AV-HuBERT-S2S/GLips/lipread_files/abgeordneten/test/abgeordneten_0786-0731.wav,abgeordneten,C:/github/rw/AV-HuBERT-S2S/dummy_files/abgeordneten_0786-0731_dummy_video.mp4,C:/github/rw/AV-HuBERT-S2S/dummy_files/abgeordneten_0786-0731_dummy_audio.wav
abgeordneten_0813-0741,C:/github/rw/AV-HuBERT-S2S/GLips/lipread_files/abgeordneten/test/abgeordneten_0813-0741.mp4,C:/github/rw/AV-HuBERT-S2S/GLips/lipread_files/abgeordneten/test/abgeordneten_0813-0741.wav,abgeordneten,C:/github/rw/AV-HuBERT-S2S/dummy_files/abgeordneten_0813-0741_dummy_video.mp4,C:/github/rw/AV-HuBERT-S2S/dummy_files/abgeordneten_0813-0741_dummy_audio.wav
abgeordneten_0857-0761,C:/github/rw/AV-HuBERT-S2S/GLips/lipread_files/abgeordneten/test/abgeordneten_0857-0761.mp4,C:/github/rw/AV-HuBERT-S2S/GLips/lipread_files/abgeordneten/test/abgeordneten_0857-0761.wav,abgeordneten,C:/github/rw/AV-HuBERT-S2S/dummy_files/abgeordneten_0857-0761_dummy_video.mp4,C:/github/rw/AV-HuBERT-S2S/dummy_files/abgeordneten_0857-0761_dummy_audio.wav
abgeordneten_0857-0763,C:/github/rw/AV-HuBERT-S2S/GLips/lipread_files/abgeordneten/test/abgeordneten_0857-0763.mp4,C:/github/rw/AV-HuBERT-S2S/GLips/lipread_files/abgeordneten/test/abgeordneten_0857-0763.wav,abgeordneten,C:/github/rw/AV-HuBERT-S2S/dummy_files/abgeordneten_0857-0763_dummy_video.mp4,C:/github/rw/AV-HuBERT-S2S/dummy_files/abgeordneten_0857-0763_dummy_audio.wav
abgeordneten_0873-0766,C:/github/rw/AV-HuBERT-S2S/GLips/lipread_files/abgeordneten/test/abgeordneten_0873-0766.mp4,C:/github/rw/AV-HuBERT-S2S/GLips/lipread_files/abgeordneten/test/abgeordneten_0873-0766.wav,abgeordneten,C:/github/rw/AV-HuBERT-S2S/dummy_files/abgeordneten_0873-0766_dummy_video.mp4,C:/github/rw/AV-HuBERT-S2S/dummy_files/abgeordneten_0873-0766_dummy_audio.wav
abgeordneten_0884-0774,C:/github/rw/AV-HuBERT-S2S/GLips/lipread_files/abgeordneten/test/abgeordneten_0884-0774.mp4,C:/github/rw/AV-HuBERT-S2S/GLips/lipread_files/abgeordneten/test/abgeordneten_0884-0774.wav,abgeordneten,C:/github/rw/AV-HuBERT-S2S/dummy_files/abgeordneten_0884-0774_dummy_video.mp4,C:/github/rw/AV-HuBERT-S2S/dummy_files/abgeordneten_0884-0774_dummy_audio.wav
abgeordneten_0912-0792,C:/github/rw/AV-HuBERT-S2S/GLips/lipread_files/abgeordneten/test/abgeordneten_0912-0792.mp4,C:/github/rw/AV-HuBERT-S2S/GLips/lipread_files/abgeordneten/test/abgeordneten_0912-0792.wav,abgeordneten,C:/github/rw/AV-HuBERT-S2S/dummy_files/abgeordneten_0912-0792_dummy_video.mp4,C:/github/rw/AV-HuBERT-S2S/dummy_files/abgeordneten_0912-0792_dummy_audio.wav
abgeordneten_0945-0017,C:/github/rw/AV-HuBERT-S2S/GLips/lipread_files/abgeordneten/test/abgeordneten_0945-0017.mp4,C:/github/rw/AV-HuBERT-S2S/GLips/lipread_files/abgeordneten/test/abgeordneten_0945-0017.wav,abgeordneten,C:/github/rw/AV-HuBERT-S2S/dummy_files/abgeordneten_0945-0017_dummy_video.mp4,C:/github/rw/AV-HuBERT-S2S/dummy_files/abgeordneten_0945-0017_dummy_audio.wav
abgeordneten_0947-0021,C:/github/rw/AV-HuBERT-S2S/GLips/lipread_files/abgeordneten/test/abgeordneten_0947-0021.mp4,C:/github/rw/AV-HuBERT-S2S/GLips/lipread_files/abgeordneten/test/abgeordneten_0947-0021.wav,abgeordneten,C:/github/rw/AV-HuBERT-S2S/dummy_files/abgeordneten_0947-0021_dummy_video.mp4,C:/github/rw/AV-HuBERT-S2S/dummy_files/abgeordneten_0947-0021_dummy_audio.wav
abgeordneten_0954-0028,C:/github/rw/AV-HuBERT-S2S/GLips/lipread_files/abgeordneten/test/abgeordneten_0954-0028.mp4,C:/github/rw/AV-HuBERT-S2S/GLips/lipread_files/abgeordneten/test/abgeordneten_0954-0028.wav,abgeordneten,C:/github/rw/AV-HuBERT-S2S/dummy_files/abgeordneten_0954-0028_dummy_video.mp4,C:/github/rw/AV-HuBERT-S2S/dummy_files/abgeordneten_0954-0028_dummy_audio.wav
abgeordneten_0985-0041,C:/github/rw/AV-HuBERT-S2S/GLips/lipread_files/abgeordneten/test/abgeordneten_0985-0041.mp4,C:/github/rw/AV-HuBERT-S2S/GLips/lipread_files/abgeordneten/test/abgeordneten_0985-0041.wav,abgeordneten,C:/github/rw/AV-HuBERT-S2S/dummy_files/abgeordneten_0985-0041_dummy_video.mp4,C:/github/rw/AV-HuBERT-S2S/dummy_files/abgeordneten_0985-0041_dummy_audio.wav
abgeordneten_0989-0045,C:/github/rw/AV-HuBERT-S2S/GLips/lipread_files/abgeordneten/test/abgeordneten_0989-0045.mp4,C:/github/rw/AV-HuBERT-S2S/GLips/lipread_files/abgeordneten/test/abgeordneten_0989-0045.wav,abgeordneten,C:/github/rw/AV-HuBERT-S2S/dummy_files/abgeordneten_0989-0045_dummy_video.mp4,C:/github/rw/AV-HuBERT-S2S/dummy_files/abgeordneten_0989-0045_dummy_audio.wav
abgeordneten_0990-0585,C:/github/rw/AV-HuBERT-S2S/GLips/lipread_files/abgeordneten/test/abgeordneten_0990-0585.mp4,C:/github/rw/AV-HuBERT-S2S/GLips/lipread_files/abgeordneten/test/abgeordneten_0990-0585.wav,abgeordneten,C:/github/rw/AV-HuBERT-S2S/dummy_files/abgeordneten_0990-0585_dummy_video.mp4,C:/github/rw/AV-HuBERT-S2S/dummy_files/abgeordneten_0990-0585_dummy_audio.wav
alle_0147-0058,C:/github/rw/AV-HuBERT-S2S/GLips/lipread_files/alle/test/alle_0147-0058.mp4,C:/github/rw/AV-HuBERT-S2S/GLips/lipread_files/alle/test/alle_0147-0058.wav,alle,C:/github/rw/AV-HuBERT-S2S/dummy_files/alle_0147-0058_dummy_video.mp4,C:/github/rw/AV-HuBERT-S2S/dummy_files/alle_0147-0058_dummy_audio.wav
alle_0150-0086,C:/github/rw/AV-HuBERT-S2S/GLips/lipread_files/alle/test/alle_0150-0086.mp4,C:/github/rw/AV-HuBERT-S2S/GLips/lipread_files/alle/test/alle_0150-0086.wav,alle,C:/github/rw/AV-HuBERT-S2S/dummy_files/alle_0150-0086_dummy_video.mp4,C:/github/rw/AV-HuBERT-S2S/dummy_files/alle_0150-0086_dummy_audio.wav
alle_0151-0103,C:/github/rw/AV-HuBERT-S2S/GLips/lipread_files/alle/test/alle_0151-0103.mp4,C:/github/rw/AV-HuBERT-S2S/GLips/lipread_files/alle/test/alle_0151-0103.wav,alle,C:/github/rw/AV-HuBERT-S2S/dummy_files/alle_0151-0103_dummy_video.mp4,C:/github/rw/AV-HuBERT-S2S/dummy_files/alle_0151-0103_dummy_audio.wav
alle_0151-0109,C:/github/rw/AV-HuBERT-S2S/GLips/lipread_files/alle/test/alle_0151-0109.mp4,C:/github/rw/AV-HuBERT-S2S/GLips/lipread_files/alle/test/alle_0151-0109.wav,alle,C:/github/rw/AV-HuBERT-S2S/dummy_files/alle_0151-0109_dummy_video.mp4,C:/github/rw/AV-HuBERT-S2S/dummy_files/alle_0151-0109_dummy_audio.wav
alle_0152-0111,C:/github/rw/AV-HuBERT-S2S/GLips/lipread_files/alle/test/alle_0152-0111.mp4,C:/github/rw/AV-HuBERT-S2S/GLips/lipread_files/alle/test/alle_0152-0111.wav,alle,C:/github/rw/AV-HuBERT-S2S/dummy_files/alle_0152-0111_dummy_video.mp4,C:/github/rw/AV-HuBERT-S2S/dummy_files/alle_0152-0111_dummy_audio.wav
alle_0153-0121,C:/github/rw/AV-HuBERT-S2S/GLips/lipread_files/alle/test/alle_0153-0121.mp4,C:/github/rw/AV-HuBERT-S2S/GLips/lipread_files/alle/test/alle_0153-0121.wav,alle,C:/github/rw/AV-HuBERT-S2S/dummy_files/alle_0153-0121_dummy_video.mp4,C:/github/rw/AV-HuBERT-S2S/dummy_files/alle_0153-0121_dummy_audio.wav
alle_0154-0130,C:/github/rw/AV-HuBERT-S2S/GLips/lipread_files/alle/test/alle_0154-0130.mp4,C:/github/rw/AV-HuBERT-S2S/GLips/lipread_files/alle/test/alle_0154-0130.wav,alle,C:/github/rw/AV-HuBERT-S2S/dummy_files/alle_0154-0130_dummy_video.mp4,C:/github/rw/AV-HuBERT-S2S/dummy_files/alle_0154-0130_dummy_audio.wav
alle_0162-0173,C:/github/rw/AV-HuBERT-S2S/GLips/lipread_files/alle/test/alle_0162-0173.mp4,C:/github/rw/AV-HuBERT-S2S/GLips/lipread_files/alle/test/alle_0162-0173.wav,alle,C:/github/rw/AV-HuBERT-S2S/dummy_files/alle_0162-0173_dummy_video.mp4,C:/github/rw/AV-HuBERT-S2S/dummy_files/alle_0162-0173_dummy_audio.wav
alle_0163-0179,C:/github/rw/AV-HuBERT-S2S/GLips/lipread_files/alle/test/alle_0163-0179.mp4,C:/github/rw/AV-HuBERT-S2S/GLips/lipread_files/alle/test/alle_0163-0179.wav,alle,C:/github/rw/AV-HuBERT-S2S/dummy_files/alle_0163-0179_dummy_video.mp4,C:/github/rw/AV-HuBERT-S2S/dummy_files/alle_0163-0179_dummy_audio.wav
alle_0164-0187,C:/github/rw/AV-HuBERT-S2S/GLips/lipread_files/alle/test/alle_0164-0187.mp4,C:/github/rw/AV-HuBERT-S2S/GLips/lipread_files/alle/test/alle_0164-0187.wav,alle,C:/github/rw/AV-HuBERT-S2S/dummy_files/alle_0164-0187_dummy_video.mp4,C:/github/rw/AV-HuBERT-S2S/dummy_files/alle_0164-0187_dummy_audio.wav
alle_0171-0230,C:/github/rw/AV-HuBERT-S2S/GLips/lipread_files/alle/test/alle_0171-0230.mp4,C:/github/rw/AV-HuBERT-S2S/GLips/lipread_files/alle/test/alle_0171-0230.wav,alle,C:/github/rw/AV-HuBERT-S2S/dummy_files/alle_0171-0230_dummy_video.mp4,C:/github/rw/AV-HuBERT-S2S/dummy_files/alle_0171-0230_dummy_audio.wav
alle_0172-0234,C:/github/rw/AV-HuBERT-S2S/GLips/lipread_files/alle/test/alle_0172-0234.mp4,C:/github/rw/AV-HuBERT-S2S/GLips/lipread_files/alle/test/alle_0172-0234.wav,alle,C:/github/rw/AV-HuBERT-S2S/dummy_files/alle_0172-0234_dummy_video.mp4,C:/github/rw/AV-HuBERT-S2S/dummy_files/alle_0172-0234_dummy_audio.wav
alle_0178-0269,C:/github/rw/AV-HuBERT-S2S/GLips/lipread_files/alle/test/alle_0178-0269.mp4,C:/github/rw/AV-HuBERT-S2S/GLips/lipread_files/alle/test/alle_0178-0269.wav,alle,C:/github/rw/AV-HuBERT-S2S/dummy_files/alle_0178-0269_dummy_video.mp4,C:/github/rw/AV-HuBERT-S2S/dummy_files/alle_0178-0269_dummy_audio.wav
alle_0181-0287,C:/github/rw/AV-HuBERT-S2S/GLips/lipread_files/alle/test/alle_0181-0287.mp4,C:/github/rw/AV-HuBERT-S2S/GLips/lipread_files/alle/test/alle_0181-0287.wav,alle,C:/github/rw/AV-HuBERT-S2S/dummy_files/alle_0181-0287_dummy_video.mp4,C:/github/rw/AV-HuBERT-S2S/dummy_files/alle_0181-0287_dummy_audio.wav
alle_0183-0300,C:/github/rw/AV-HuBERT-S2S/GLips/lipread_files/alle/test/alle_0183-0300.mp4,C:/github/rw/AV-HuBERT-S2S/GLips/lipread_files/alle/test/alle_0183-0300.wav,alle,C:/github/rw/AV-HuBERT-S2S/dummy_files/alle_0183-0300_dummy_video.mp4,C:/github/rw/AV-HuBERT-S2S/dummy_files/alle_0183-0300_dummy_audio.wav
alle_0190-0343,C:/github/rw/AV-HuBERT-S2S/GLips/lipread_files/alle/test/alle_0190-0343.mp4,C:/github/rw/AV-HuBERT-S2S/GLips/lipread_files/alle/test/alle_0190-0343.wav,alle,C:/github/rw/AV-HuBERT-S2S/dummy_files/alle_0190-0343_dummy_video.mp4,C:/github/rw/AV-HuBERT-S2S/dummy_files/alle_0190-0343_dummy_audio.wav
alle_0191-0359,C:/github/rw/AV-HuBERT-S2S/GLips/lipread_files/alle/test/alle_0191-0359.mp4,C:/github/rw/AV-HuBERT-S2S/GLips/lipread_files/alle/test/alle_0191-0359.wav,alle,C:/github/rw/AV-HuBERT-S2S/dummy_files/alle_0191-0359_dummy_video.mp4,C:/github/rw/AV-HuBERT-S2S/dummy_files/alle_0191-0359_dummy_audio.wav
alle_0191-0360,C:/github/rw/AV-HuBERT-S2S/GLips/lipread_files/alle/test/alle_0191-0360.mp4,C:/github/rw/AV-HuBERT-S2S/GLips/lipread_files/alle/test/alle_0191-0360.wav,alle,C:/github/rw/AV-HuBERT-S2S/dummy_files/alle_0191-0360_dummy_video.mp4,C:/github/rw/AV-HuBERT-S2S/dummy_files/alle_0191-0360_dummy_audio.wav
alle_0196-0417,C:/github/rw/AV-HuBERT-S2S/GLips/lipread_files/alle/test/alle_0196-0417.mp4,C:/github/rw/AV-HuBERT-S2S/GLips/lipread_files/alle/test/alle_0196-0417.wav,alle,C:/github/rw/AV-HuBERT-S2S/dummy_files/alle_0196-0417_dummy_video.mp4,C:/github/rw/AV-HuBERT-S2S/dummy_files/alle_0196-0417_dummy_audio.wav
alle_0218-0543,C:/github/rw/AV-HuBERT-S2S/GLips/lipread_files/alle/test/alle_0218-0543.mp4,C:/github/rw/AV-HuBERT-S2S/GLips/lipread_files/alle/test/alle_0218-0543.wav,alle,C:/github/rw/AV-HuBERT-S2S/dummy_files/alle_0218-0543_dummy_video.mp4,C:/github/rw/AV-HuBERT-S2S/dummy_files/alle_0218-0543_dummy_audio.wav
alle_0220-0547,C:/github/rw/AV-HuBERT-S2S/GLips/lipread_files/alle/test/alle_0220-0547.mp4,C:/github/rw/AV-HuBERT-S2S/GLips/lipread_files/alle/test/alle_0220-0547.wav,alle,C:/github/rw/AV-HuBERT-S2S/dummy_files/alle_0220-0547_dummy_video.mp4,C:/github/rw/AV-HuBERT-S2S/dummy_files/alle_0220-0547_dummy_audio.wav
alle_0220-0551,C:/github/rw/AV-HuBERT-S2S/GLips/lipread_files/alle/test/alle_0220-0551.mp4,C:/github/rw/AV-HuBERT-S2S/GLips/lipread_files/alle/test/alle_0220-0551.wav,alle,C:/github/rw/AV-HuBERT-S2S/dummy_files/alle_0220-0551_dummy_video.mp4,C:/github/rw/AV-HuBERT-S2S/dummy_files/alle_0220-0551_dummy_audio.wav
alle_0226-0597,C:/github/rw/AV-HuBERT-S2S/GLips/lipread_files/alle/test/alle_0226-0597.mp4,C:/github/rw/AV-HuBERT-S2S/GLips/lipread_files/alle/test/alle_0226-0597.wav,alle,C:/github/rw/AV-HuBERT-S2S/dummy_files/alle_0226-0597_dummy_video.mp4,C:/github/rw/AV-HuBERT-S2S/dummy_files/alle_0226-0597_dummy_audio.wav
alle_0230-0634,C:/github/rw/AV-HuBERT-S2S/GLips/lipread_files/alle/test/alle_0230-0634.mp4,C:/github/rw/AV-HuBERT-S2S/GLips/lipread_files/alle/test/alle_0230-0634.wav,alle,C:/github/rw/AV-HuBERT-S2S/dummy_files/alle_0230-0634_dummy_video.mp4,C:/github/rw/AV-HuBERT-S2S/dummy_files/alle_0230-0634_dummy_audio.wav
alle_0231-0642,C:/github/rw/AV-HuBERT-S2S/GLips/lipread_files/alle/test/alle_0231-0642.mp4,C:/github/rw/AV-HuBERT-S2S/GLips/lipread_files/alle/test/alle_0231-0642.wav,alle,C:/github/rw/AV-HuBERT-S2S/dummy_files/alle_0231-0642_dummy_video.mp4,C:/github/rw/AV-HuBERT-S2S/dummy_files/alle_0231-0642_dummy_audio.wav
alle_0233-0653,C:/github/rw/AV-HuBERT-S2S/GLips/lipread_files/alle/test/alle_0233-0653.mp4,C:/github/rw/AV-HuBERT-S2S/GLips/lipread_files/alle/test/alle_0233-0653.wav,alle,C:/github/rw/AV-HuBERT-S2S/dummy_files/alle_0233-0653_dummy_video.mp4,C:/github/rw/AV-HuBERT-S2S/dummy_files/alle_0233-0653_dummy_audio.wav
alle_0263-0810,C:/github/rw/AV-HuBERT-S2S/GLips/lipread_files/alle/test/alle_0263-0810.mp4,C:/github/rw/AV-HuBERT-S2S/GLips/lipread_files/alle/test/alle_0263-0810.wav,alle,C:/github/rw/AV-HuBERT-S2S/dummy_files/alle_0263-0810_dummy_video.mp4,C:/github/rw/AV-HuBERT-S2S/dummy_files/alle_0263-0810_dummy_audio.wav
alle_0275-0882,C:/github/rw/AV-HuBERT-S2S/GLips/lipread_files/alle/test/alle_0275-0882.mp4,C:/github/rw/AV-HuBERT-S2S/GLips/lipread_files/alle/test/alle_0275-0882.wav,alle,C:/github/rw/AV-HuBERT-S2S/dummy_files/alle_0275-0882_dummy_video.mp4,C:/github/rw/AV-HuBERT-S2S/dummy_files/alle_0275-0882_dummy_audio.wav
alle_0276-0885,C:/github/rw/AV-HuBERT-S2S/GLips/lipread_files/alle/test/alle_0276-0885.mp4,C:/github/rw/AV-HuBERT-S2S/GLips/lipread_files/alle/test/alle_0276-0885.wav,alle,C:/github/rw/AV-HuBERT-S2S/dummy_files/alle_0276-0885_dummy_video.mp4,C:/github/rw/AV-HuBERT-S2S/dummy_files/alle_0276-0885_dummy_audio.wav
alle_0277-0902,C:/github/rw/AV-HuBERT-S2S/GLips/lipread_files/alle/test/alle_0277-0902.mp4,C:/github/rw/AV-HuBERT-S2S/GLips/lipread_files/alle/test/alle_0277-0902.wav,alle,C:/github/rw/AV-HuBERT-S2S/dummy_files/alle_0277-0902_dummy_video.mp4,C:/github/rw/AV-HuBERT-S2S/dummy_files/alle_0277-0902_dummy_audio.wav
alle_0294-1019,C:/github/rw/AV-HuBERT-S2S/GLips/lipread_files/alle/test/alle_0294-1019.mp4,C:/github/rw/AV-HuBERT-S2S/GLips/lipread_files/alle/test/alle_0294-1019.wav,alle,C:/github/rw/AV-HuBERT-S2S/dummy_files/alle_0294-1019_dummy_video.mp4,C:/github/rw/AV-HuBERT-S2S/dummy_files/alle_0294-1019_dummy_audio.wav
alle_0296-1036,C:/github/rw/AV-HuBERT-S2S/GLips/lipread_files/alle/test/alle_0296-1036.mp4,C:/github/rw/AV-HuBERT-S2S/GLips/lipread_files/alle/test/alle_0296-1036.wav,alle,C:/github/rw/AV-HuBERT-S2S/dummy_files/alle_0296-1036_dummy_video.mp4,C:/github/rw/AV-HuBERT-S2S/dummy_files/alle_0296-1036_dummy_audio.wav
alle_0297-1047,C:/github/rw/AV-HuBERT-S2S/GLips/lipread_files/alle/test/alle_0297-1047.mp4,C:/github/rw/AV-HuBERT-S2S/GLips/lipread_files/alle/test/alle_0297-1047.wav,alle,C:/github/rw/AV-HuBERT-S2S/dummy_files/alle_0297-1047_dummy_video.mp4,C:/github/rw/AV-HuBERT-S2S/dummy_files/alle_0297-1047_dummy_audio.wav
alle_0312-1143,C:/github/rw/AV-HuBERT-S2S/GLips/lipread_files/alle/test/alle_0312-1143.mp4,C:/github/rw/AV-HuBERT-S2S/GLips/lipread_files/alle/test/alle_0312-1143.wav,alle,C:/github/rw/AV-HuBERT-S2S/dummy_files/alle_0312-1143_dummy_video.mp4,C:/github/rw/AV-HuBERT-S2S/dummy_files/alle_0312-1143_dummy_audio.wav
alle_0318-1190,C:/github/rw/AV-HuBERT-S2S/GLips/lipread_files/alle/test/alle_0318-1190.mp4,C:/github/rw/AV-HuBERT-S2S/GLips/lipread_files/alle/test/alle_0318-1190.wav,alle,C:/github/rw/AV-HuBERT-S2S/dummy_files/alle_0318-1190_dummy_video.mp4,C:/github/rw/AV-HuBERT-S2S/dummy_files/alle_0318-1190_dummy_audio.wav
alle_0323-1215,C:/github/rw/AV-HuBERT-S2S/GLips/lipread_files/alle/test/alle_0323-1215.mp4,C:/github/rw/AV-HuBERT-S2S/GLips/lipread_files/alle/test/alle_0323-1215.wav,alle,C:/github/rw/AV-HuBERT-S2S/dummy_files/alle_0323-1215_dummy_video.mp4,C:/github/rw/AV-HuBERT-S2S/dummy_files/alle_0323-1215_dummy_audio.wav
alle_0324-1227,C:/github/rw/AV-HuBERT-S2S/GLips/lipread_files/alle/test/alle_0324-1227.mp4,C:/github/rw/AV-HuBERT-S2S/GLips/lipread_files/alle/test/alle_0324-1227.wav,alle,C:/github/rw/AV-HuBERT-S2S/dummy_files/alle_0324-1227_dummy_video.mp4,C:/github/rw/AV-HuBERT-S2S/dummy_files/alle_0324-1227_dummy_audio.wav
alle_0338-1349,C:/github/rw/AV-HuBERT-S2S/GLips/lipread_files/alle/test/alle_0338-1349.mp4,C:/github/rw/AV-HuBERT-S2S/GLips/lipread_files/alle/test/alle_0338-1349.wav,alle,C:/github/rw/AV-HuBERT-S2S/dummy_files/alle_0338-1349_dummy_video.mp4,C:/github/rw/AV-HuBERT-S2S/dummy_files/alle_0338-1349_dummy_audio.wav
alle_0342-1364,C:/github/rw/AV-HuBERT-S2S/GLips/lipread_files/alle/test/alle_0342-1364.mp4,C:/github/rw/AV-HuBERT-S2S/GLips/lipread_files/alle/test/alle_0342-1364.wav,alle,C:/github/rw/AV-HuBERT-S2S/dummy_files/alle_0342-1364_dummy_video.mp4,C:/github/rw/AV-HuBERT-S2S/dummy_files/alle_0342-1364_dummy_audio.wav
alle_0345-1388,C:/github/rw/AV-HuBERT-S2S/GLips/lipread_files/alle/test/alle_0345-1388.mp4,C:/github/rw/AV-HuBERT-S2S/GLips/lipread_files/alle/test/alle_0345-1388.wav,alle,C:/github/rw/AV-HuBERT-S2S/dummy_files/alle_0345-1388_dummy_video.mp4,C:/github/rw/AV-HuBERT-S2S/dummy_files/alle_0345-1388_dummy_audio.wav
alle_0358-1497,C:/github/rw/AV-HuBERT-S2S/GLips/lipread_files/alle/test/alle_0358-1497.mp4,C:/github/rw/AV-HuBERT-S2S/GLips/lipread_files/alle/test/alle_0358-1497.wav,alle,C:/github/rw/AV-HuBERT-S2S/dummy_files/alle_0358-1497_dummy_video.mp4,C:/github/rw/AV-HuBERT-S2S/dummy_files/alle_0358-1497_dummy_audio.wav
alle_0367-1553,C:/github/rw/AV-HuBERT-S2S/GLips/lipread_files/alle/test/alle_0367-1553.mp4,C:/github/rw/AV-HuBERT-S2S/GLips/lipread_files/alle/test/alle_0367-1553.wav,alle,C:/github/rw/AV-HuBERT-S2S/dummy_files/alle_0367-1553_dummy_video.mp4,C:/github/rw/AV-HuBERT-S2S/dummy_files/alle_0367-1553_dummy_audio.wav
alle_0372-1592,C:/github/rw/AV-HuBERT-S2S/GLips/lipread_files/alle/test/alle_0372-1592.mp4,C:/github/rw/AV-HuBERT-S2S/GLips/lipread_files/alle/test/alle_0372-1592.wav,alle,C:/github/rw/AV-HuBERT-S2S/dummy_files/alle_0372-1592_dummy_video.mp4,C:/github/rw/AV-HuBERT-S2S/dummy_files/alle_0372-1592_dummy_audio.wav
alle_0383-1636,C:/github/rw/AV-HuBERT-S2S/GLips/lipread_files/alle/test/alle_0383-1636.mp4,C:/github/rw/AV-HuBERT-S2S/GLips/lipread_files/alle/test/alle_0383-1636.wav,alle,C:/github/rw/AV-HuBERT-S2S/dummy_files/alle_0383-1636_dummy_video.mp4,C:/github/rw/AV-HuBERT-S2S/dummy_files/alle_0383-1636_dummy_audio.wav
alle_0401-1821,C:/github/rw/AV-HuBERT-S2S/GLips/lipread_files/alle/test/alle_0401-1821.mp4,C:/github/rw/AV-HuBERT-S2S/GLips/lipread_files/alle/test/alle_0401-1821.wav,alle,C:/github/rw/AV-HuBERT-S2S/dummy_files/alle_0401-1821_dummy_video.mp4,C:/github/rw/AV-HuBERT-S2S/dummy_files/alle_0401-1821_dummy_audio.wav
alle_0405-1856,C:/github/rw/AV-HuBERT-S2S/GLips/lipread_files/alle/test/alle_0405-1856.mp4,C:/github/rw/AV-HuBERT-S2S/GLips/lipread_files/alle/test/alle_0405-1856.wav,alle,C:/github/rw/AV-HuBERT-S2S/dummy_files/alle_0405-1856_dummy_video.mp4,C:/github/rw/AV-HuBERT-S2S/dummy_files/alle_0405-1856_dummy_audio.wav
alle_0408-1880,C:/github/rw/AV-HuBERT-S2S/GLips/lipread_files/alle/test/alle_0408-1880.mp4,C:/github/rw/AV-HuBERT-S2S/GLips/lipread_files/alle/test/alle_0408-1880.wav,alle,C:/github/rw/AV-HuBERT-S2S/dummy_files/alle_0408-1880_dummy_video.mp4,C:/github/rw/AV-HuBERT-S2S/dummy_files/alle_0408-1880_dummy_audio.wav
alle_0412-1918,C:/github/rw/AV-HuBERT-S2S/GLips/lipread_files/alle/test/alle_0412-1918.mp4,C:/github/rw/AV-HuBERT-S2S/GLips/lipread_files/alle/test/alle_0412-1918.wav,alle,C:/github/rw/AV-HuBERT-S2S/dummy_files/alle_0412-1918_dummy_video.mp4,C:/github/rw/AV-HuBERT-S2S/dummy_files/alle_0412-1918_dummy_audio.wav
alle_0416-1950,C:/github/rw/AV-HuBERT-S2S/GLips/lipread_files/alle/test/alle_0416-1950.mp4,C:/github/rw/AV-HuBERT-S2S/GLips/lipread_files/alle/test/alle_0416-1950.wav,alle,C:/github/rw/AV-HuBERT-S2S/dummy_files/alle_0416-1950_dummy_video.mp4,C:/github/rw/AV-HuBERT-S2S/dummy_files/alle_0416-1950_dummy_audio.wav
alle_0422-1997,C:/github/rw/AV-HuBERT-S2S/GLips/lipread_files/alle/test/alle_0422-1997.mp4,C:/github/rw/AV-HuBERT-S2S/GLips/lipread_files/alle/test/alle_0422-1997.wav,alle,C:/github/rw/AV-HuBERT-S2S/dummy_files/alle_0422-1997_dummy_video.mp4,C:/github/rw/AV-HuBERT-S2S/dummy_files/alle_0422-1997_dummy_audio.wav
allein_0005-1322,C:/github/rw/AV-HuBERT-S2S/GLips/lipread_files/allein/test/allein_0005-1322.mp4,C:/github/rw/AV-HuBERT-S2S/GLips/lipread_files/allein/test/allein_0005-1322.wav,allein,C:/github/rw/AV-HuBERT-S2S/dummy_files/allein_0005-1322_dummy_video.mp4,C:/github/rw/AV-HuBERT-S2S/dummy_files/allein_0005-1322_dummy_audio.wav
allein_0126-0289,C:/github/rw/AV-HuBERT-S2S/GLips/lipread_files/allein/test/allein_0126-0289.mp4,C:/github/rw/AV-HuBERT-S2S/GLips/lipread_files/allein/test/allein_0126-0289.wav,allein,C:/github/rw/AV-HuBERT-S2S/dummy_files/allein_0126-0289_dummy_video.mp4,C:/github/rw/AV-HuBERT-S2S/dummy_files/allein_0126-0289_dummy_audio.wav
allein_0167-0339,C:/github/rw/AV-HuBERT-S2S/GLips/lipread_files/allein/test/allein_0167-0339.mp4,C:/github/rw/AV-HuBERT-S2S/GLips/lipread_files/allein/test/allein_0167-0339.wav,allein,C:/github/rw/AV-HuBERT-S2S/dummy_files/allein_0167-0339_dummy_video.mp4,C:/github/rw/AV-HuBERT-S2S/dummy_files/allein_0167-0339_dummy_audio.wav
allein_0192-0373,C:/github/rw/AV-HuBERT-S2S/GLips/lipread_files/allein/test/allein_0192-0373.mp4,C:/github/rw/AV-HuBERT-S2S/GLips/lipread_files/allein/test/allein_0192-0373.wav,allein,C:/github/rw/AV-HuBERT-S2S/dummy_files/allein_0192-0373_dummy_video.mp4,C:/github/rw/AV-HuBERT-S2S/dummy_files/allein_0192-0373_dummy_audio.wav
allein_0196-0383,C:/github/rw/AV-HuBERT-S2S/GLips/lipread_files/allein/test/allein_0196-0383.mp4,C:/github/rw/AV-HuBERT-S2S/GLips/lipread_files/allein/test/allein_0196-0383.wav,allein,C:/github/rw/AV-HuBERT-S2S/dummy_files/allein_0196-0383_dummy_video.mp4,C:/github/rw/AV-HuBERT-S2S/dummy_files/allein_0196-0383_dummy_audio.wav
allein_0206-0396,C:/github/rw/AV-HuBERT-S2S/GLips/lipread_files/allein/test/allein_0206-0396.mp4,C:/github/rw/AV-HuBERT-S2S/GLips/lipread_files/allein/test/allein_0206-0396.wav,allein,C:/github/rw/AV-HuBERT-S2S/dummy_files/allein_0206-0396_dummy_video.mp4,C:/github/rw/AV-HuBERT-S2S/dummy_files/allein_0206-0396_dummy_audio.wav
allein_0228-0425,C:/github/rw/AV-HuBERT-S2S/GLips/lipread_files/allein/test/allein_0228-0425.mp4,C:/github/rw/AV-HuBERT-S2S/GLips/lipread_files/allein/test/allein_0228-0425.wav,allein,C:/github/rw/AV-HuBERT-S2S/dummy_files/allein_0228-0425_dummy_video.mp4,C:/github/rw/AV-HuBERT-S2S/dummy_files/allein_0228-0425_dummy_audio.wav
allein_0251-0453,C:/github/rw/AV-HuBERT-S2S/GLips/lipread_files/allein/test/allein_0251-0453.mp4,C:/github/rw/AV-HuBERT-S2S/GLips/lipread_files/allein/test/allein_0251-0453.wav,allein,C:/github/rw/AV-HuBERT-S2S/dummy_files/allein_0251-0453_dummy_video.mp4,C:/github/rw/AV-HuBERT-S2S/dummy_files/allein_0251-0453_dummy_audio.wav
allein_0290-0491,C:/github/rw/AV-HuBERT-S2S/GLips/lipread_files/allein/test/allein_0290-0491.mp4,C:/github/rw/AV-HuBERT-S2S/GLips/lipread_files/allein/test/allein_0290-0491.wav,allein,C:/github/rw/AV-HuBERT-S2S/dummy_files/allein_0290-0491_dummy_video.mp4,C:/github/rw/AV-HuBERT-S2S/dummy_files/allein_0290-0491_dummy_audio.wav
allein_0293-0498,C:/github/rw/AV-HuBERT-S2S/GLips/lipread_files/allein/test/allein_0293-0498.mp4,C:/github/rw/AV-HuBERT-S2S/GLips/lipread_files/allein/test/allein_0293-0498.wav,allein,C:/github/rw/AV-HuBERT-S2S/dummy_files/allein_0293-0498_dummy_video.mp4,C:/github/rw/AV-HuBERT-S2S/dummy_files/allein_0293-0498_dummy_audio.wav
allein_0320-0536,C:/github/rw/AV-HuBERT-S2S/GLips/lipread_files/allein/test/allein_0320-0536.mp4,C:/github/rw/AV-HuBERT-S2S/GLips/lipread_files/allein/test/allein_0320-0536.wav,allein,C:/github/rw/AV-HuBERT-S2S/dummy_files/allein_0320-0536_dummy_video.mp4,C:/github/rw/AV-HuBERT-S2S/dummy_files/allein_0320-0536_dummy_audio.wav
allein_0327-0550,C:/github/rw/AV-HuBERT-S2S/GLips/lipread_files/allein/test/allein_0327-0550.mp4,C:/github/rw/AV-HuBERT-S2S/GLips/lipread_files/allein/test/allein_0327-0550.wav,allein,C:/github/rw/AV-HuBERT-S2S/dummy_files/allein_0327-0550_dummy_video.mp4,C:/github/rw/AV-HuBERT-S2S/dummy_files/allein_0327-0550_dummy_audio.wav
allein_0338-0571,C:/github/rw/AV-HuBERT-S2S/GLips/lipread_files/allein/test/allein_0338-0571.mp4,C:/github/rw/AV-HuBERT-S2S/GLips/lipread_files/allein/test/allein_0338-0571.wav,allein,C:/github/rw/AV-HuBERT-S2S/dummy_files/allein_0338-0571_dummy_video.mp4,C:/github/rw/AV-HuBERT-S2S/dummy_files/allein_0338-0571_dummy_audio.wav
allein_0359-0810,C:/github/rw/AV-HuBERT-S2S/GLips/lipread_files/allein/test/allein_0359-0810.mp4,C:/github/rw/AV-HuBERT-S2S/GLips/lipread_files/allein/test/allein_0359-0810.wav,allein,C:/github/rw/AV-HuBERT-S2S/dummy_files/allein_0359-0810_dummy_video.mp4,C:/github/rw/AV-HuBERT-S2S/dummy_files/allein_0359-0810_dummy_audio.wav
allein_0386-0623,C:/github/rw/AV-HuBERT-S2S/GLips/lipread_files/allein/test/allein_0386-0623.mp4,C:/github/rw/AV-HuBERT-S2S/GLips/lipread_files/allein/test/allein_0386-0623.wav,allein,C:/github/rw/AV-HuBERT-S2S/dummy_files/allein_0386-0623_dummy_video.mp4,C:/github/rw/AV-HuBERT-S2S/dummy_files/allein_0386-0623_dummy_audio.wav
allein_0398-0635,C:/github/rw/AV-HuBERT-S2S/GLips/lipread_files/allein/test/allein_0398-0635.mp4,C:/github/rw/AV-HuBERT-S2S/GLips/lipread_files/allein/test/allein_0398-0635.wav,allein,C:/github/rw/AV-HuBERT-S2S/dummy_files/allein_0398-0635_dummy_video.mp4,C:/github/rw/AV-HuBERT-S2S/dummy_files/allein_0398-0635_dummy_audio.wav
allein_0398-0636,C:/github/rw/AV-HuBERT-S2S/GLips/lipread_files/allein/test/allein_0398-0636.mp4,C:/github/rw/AV-HuBERT-S2S/GLips/lipread_files/allein/test/allein_0398-0636.wav,allein,C:/github/rw/AV-HuBERT-S2S/dummy_files/allein_0398-0636_dummy_video.mp4,C:/github/rw/AV-HuBERT-S2S/dummy_files/allein_0398-0636_dummy_audio.wav
allein_0402-0642,C:/github/rw/AV-HuBERT-S2S/GLips/lipread_files/allein/test/allein_0402-0642.mp4,C:/github/rw/AV-HuBERT-S2S/GLips/lipread_files/allein/test/allein_0402-0642.wav,allein,C:/github/rw/AV-HuBERT-S2S/dummy_files/allein_0402-0642_dummy_video.mp4,C:/github/rw/AV-HuBERT-S2S/dummy_files/allein_0402-0642_dummy_audio.wav
allein_0427-0672,C:/github/rw/AV-HuBERT-S2S/GLips/lipread_files/allein/test/allein_0427-0672.mp4,C:/github/rw/AV-HuBERT-S2S/GLips/lipread_files/allein/test/allein_0427-0672.wav,allein,C:/github/rw/AV-HuBERT-S2S/dummy_files/allein_0427-0672_dummy_video.mp4,C:/github/rw/AV-HuBERT-S2S/dummy_files/allein_0427-0672_dummy_audio.wav
allein_0432-0685,C:/github/rw/AV-HuBERT-S2S/GLips/lipread_files/allein/test/allein_0432-0685.mp4,C:/github/rw/AV-HuBERT-S2S/GLips/lipread_files/allein/test/allein_0432-0685.wav,allein,C:/github/rw/AV-HuBERT-S2S/dummy_files/allein_0432-0685_dummy_video.mp4,C:/github/rw/AV-HuBERT-S2S/dummy_files/allein_0432-0685_dummy_audio.wav
allein_0439-0837,C:/github/rw/AV-HuBERT-S2S/GLips/lipread_files/allein/test/allein_0439-0837.mp4,C:/github/rw/AV-HuBERT-S2S/GLips/lipread_files/allein/test/allein_0439-0837.wav,allein,C:/github/rw/AV-HuBERT-S2S/dummy_files/allein_0439-0837_dummy_video.mp4,C:/github/rw/AV-HuBERT-S2S/dummy_files/allein_0439-0837_dummy_audio.wav
allein_0451-0703,C:/github/rw/AV-HuBERT-S2S/GLips/lipread_files/allein/test/allein_0451-0703.mp4,C:/github/rw/AV-HuBERT-S2S/GLips/lipread_files/allein/test/allein_0451-0703.wav,allein,C:/github/rw/AV-HuBERT-S2S/dummy_files/allein_0451-0703_dummy_video.mp4,C:/github/rw/AV-HuBERT-S2S/dummy_files/allein_0451-0703_dummy_audio.wav
allein_0455-0708,C:/github/rw/AV-HuBERT-S2S/GLips/lipread_files/allein/test/allein_0455-0708.mp4,C:/github/rw/AV-HuBERT-S2S/GLips/lipread_files/allein/test/allein_0455-0708.wav,allein,C:/github/rw/AV-HuBERT-S2S/dummy_files/allein_0455-0708_dummy_video.mp4,C:/github/rw/AV-HuBERT-S2S/dummy_files/allein_0455-0708_dummy_audio.wav
allein_0512-0769,C:/github/rw/AV-HuBERT-S2S/GLips/lipread_files/allein/test/allein_0512-0769.mp4,C:/github/rw/AV-HuBERT-S2S/GLips/lipread_files/allein/test/allein_0512-0769.wav,allein,C:/github/rw/AV-HuBERT-S2S/dummy_files/allein_0512-0769_dummy_video.mp4,C:/github/rw/AV-HuBERT-S2S/dummy_files/allein_0512-0769_dummy_audio.wav
allein_0538-0796,C:/github/rw/AV-HuBERT-S2S/GLips/lipread_files/allein/test/allein_0538-0796.mp4,C:/github/rw/AV-HuBERT-S2S/GLips/lipread_files/allein/test/allein_0538-0796.wav,allein,C:/github/rw/AV-HuBERT-S2S/dummy_files/allein_0538-0796_dummy_video.mp4,C:/github/rw/AV-HuBERT-S2S/dummy_files/allein_0538-0796_dummy_audio.wav
allein_0591-0884,C:/github/rw/AV-HuBERT-S2S/GLips/lipread_files/allein/test/allein_0591-0884.mp4,C:/github/rw/AV-HuBERT-S2S/GLips/lipread_files/allein/test/allein_0591-0884.wav,allein,C:/github/rw/AV-HuBERT-S2S/dummy_files/allein_0591-0884_dummy_video.mp4,C:/github/rw/AV-HuBERT-S2S/dummy_files/allein_0591-0884_dummy_audio.wav
allein_0622-0933,C:/github/rw/AV-HuBERT-S2S/GLips/lipread_files/allein/test/allein_0622-0933.mp4,C:/github/rw/AV-HuBERT-S2S/GLips/lipread_files/allein/test/allein_0622-0933.wav,allein,C:/github/rw/AV-HuBERT-S2S/dummy_files/allein_0622-0933_dummy_video.mp4,C:/github/rw/AV-HuBERT-S2S/dummy_files/allein_0622-0933_dummy_audio.wav
allein_0629-0941,C:/github/rw/AV-HuBERT-S2S/GLips/lipread_files/allein/test/allein_0629-0941.mp4,C:/github/rw/AV-HuBERT-S2S/GLips/lipread_files/allein/test/allein_0629-0941.wav,allein,C:/github/rw/AV-HuBERT-S2S/dummy_files/allein_0629-0941_dummy_video.mp4,C:/github/rw/AV-HuBERT-S2S/dummy_files/allein_0629-0941_dummy_audio.wav
allein_0658-0979,C:/github/rw/AV-HuBERT-S2S/GLips/lipread_files/allein/test/allein_0658-0979.mp4,C:/github/rw/AV-HuBERT-S2S/GLips/lipread_files/allein/test/allein_0658-0979.wav,allein,C:/github/rw/AV-HuBERT-S2S/dummy_files/allein_0658-0979_dummy_video.mp4,C:/github/rw/AV-HuBERT-S2S/dummy_files/allein_0658-0979_dummy_audio.wav
allein_0682-0997,C:/github/rw/AV-HuBERT-S2S/GLips/lipread_files/allein/test/allein_0682-0997.mp4,C:/github/rw/AV-HuBERT-S2S/GLips/lipread_files/allein/test/allein_0682-0997.wav,allein,C:/github/rw/AV-HuBERT-S2S/dummy_files/allein_0682-0997_dummy_video.mp4,C:/github/rw/AV-HuBERT-S2S/dummy_files/allein_0682-0997_dummy_audio.wav
allein_0697-1014,C:/github/rw/AV-HuBERT-S2S/GLips/lipread_files/allein/test/allein_0697-1014.mp4,C:/github/rw/AV-HuBERT-S2S/GLips/lipread_files/allein/test/allein_0697-1014.wav,allein,C:/github/rw/AV-HuBERT-S2S/dummy_files/allein_0697-1014_dummy_video.mp4,C:/github/rw/AV-HuBERT-S2S/dummy_files/allein_0697-1014_dummy_audio.wav
allein_0702-1021,C:/github/rw/AV-HuBERT-S2S/GLips/lipread_files/allein/test/allein_0702-1021.mp4,C:/github/rw/AV-HuBERT-S2S/GLips/lipread_files/allein/test/allein_0702-1021.wav,allein,C:/github/rw/AV-HuBERT-S2S/dummy_files/allein_0702-1021_dummy_video.mp4,C:/github/rw/AV-HuBERT-S2S/dummy_files/allein_0702-1021_dummy_audio.wav
allein_0703-1028,C:/github/rw/AV-HuBERT-S2S/GLips/lipread_files/allein/test/allein_0703-1028.mp4,C:/github/rw/AV-HuBERT-S2S/GLips/lipread_files/allein/test/allein_0703-1028.wav,allein,C:/github/rw/AV-HuBERT-S2S/dummy_files/allein_0703-1028_dummy_video.mp4,C:/github/rw/AV-HuBERT-S2S/dummy_files/allein_0703-1028_dummy_audio.wav
allein_0710-1042,C:/github/rw/AV-HuBERT-S2S/GLips/lipread_files/allein/test/allein_0710-1042.mp4,C:/github/rw/AV-HuBERT-S2S/GLips/lipread_files/allein/test/allein_0710-1042.wav,allein,C:/github/rw/AV-HuBERT-S2S/dummy_files/allein_0710-1042_dummy_video.mp4,C:/github/rw/AV-HuBERT-S2S/dummy_files/allein_0710-1042_dummy_audio.wav
allein_0724-1056,C:/github/rw/AV-HuBERT-S2S/GLips/lipread_files/allein/test/allein_0724-1056.mp4,C:/github/rw/AV-HuBERT-S2S/GLips/lipread_files/allein/test/allein_0724-1056.wav,allein,C:/github/rw/AV-HuBERT-S2S/dummy_files/allein_0724-1056_dummy_video.mp4,C:/github/rw/AV-HuBERT-S2S/dummy_files/allein_0724-1056_dummy_audio.wav
allein_0768-1111,C:/github/rw/AV-HuBERT-S2S/GLips/lipread_files/allein/test/allein_0768-1111.mp4,C:/github/rw/AV-HuBERT-S2S/GLips/lipread_files/allein/test/allein_0768-1111.wav,allein,C:/github/rw/AV-HuBERT-S2S/dummy_files/allein_0768-1111_dummy_video.mp4,C:/github/rw/AV-HuBERT-S2S/dummy_files/allein_0768-1111_dummy_audio.wav
allein_0803-1148,C:/github/rw/AV-HuBERT-S2S/GLips/lipread_files/allein/test/allein_0803-1148.mp4,C:/github/rw/AV-HuBERT-S2S/GLips/lipread_files/allein/test/allein_0803-1148.wav,allein,C:/github/rw/AV-HuBERT-S2S/dummy_files/allein_0803-1148_dummy_video.mp4,C:/github/rw/AV-HuBERT-S2S/dummy_files/allein_0803-1148_dummy_audio.wav
allein_0820-1166,C:/github/rw/AV-HuBERT-S2S/GLips/lipread_files/allein/test/allein_0820-1166.mp4,C:/github/rw/AV-HuBERT-S2S/GLips/lipread_files/allein/test/allein_0820-1166.wav,allein,C:/github/rw/AV-HuBERT-S2S/dummy_files/allein_0820-1166_dummy_video.mp4,C:/github/rw/AV-HuBERT-S2S/dummy_files/allein_0820-1166_dummy_audio.wav
allein_0827-1177,C:/github/rw/AV-HuBERT-S2S/GLips/lipread_files/allein/test/allein_0827-1177.mp4,C:/github/rw/AV-HuBERT-S2S/GLips/lipread_files/allein/test/allein_0827-1177.wav,allein,C:/github/rw/AV-HuBERT-S2S/dummy_files/allein_0827-1177_dummy_video.mp4,C:/github/rw/AV-HuBERT-S2S/dummy_files/allein_0827-1177_dummy_audio.wav
allein_0839-0861,C:/github/rw/AV-HuBERT-S2S/GLips/lipread_files/allein/test/allein_0839-0861.mp4,C:/github/rw/AV-HuBERT-S2S/GLips/lipread_files/allein/test/allein_0839-0861.wav,allein,C:/github/rw/AV-HuBERT-S2S/dummy_files/allein_0839-0861_dummy_video.mp4,C:/github/rw/AV-HuBERT-S2S/dummy_files/allein_0839-0861_dummy_audio.wav
allein_0873-1236,C:/github/rw/AV-HuBERT-S2S/GLips/lipread_files/allein/test/allein_0873-1236.mp4,C:/github/rw/AV-HuBERT-S2S/GLips/lipread_files/allein/test/allein_0873-1236.wav,allein,C:/github/rw/AV-HuBERT-S2S/dummy_files/allein_0873-1236_dummy_video.mp4,C:/github/rw/AV-HuBERT-S2S/dummy_files/allein_0873-1236_dummy_audio.wav
allein_0875-1249,C:/github/rw/AV-HuBERT-S2S/GLips/lipread_files/allein/test/allein_0875-1249.mp4,C:/github/rw/AV-HuBERT-S2S/GLips/lipread_files/allein/test/allein_0875-1249.wav,allein,C:/github/rw/AV-HuBERT-S2S/dummy_files/allein_0875-1249_dummy_video.mp4,C:/github/rw/AV-HuBERT-S2S/dummy_files/allein_0875-1249_dummy_audio.wav
allein_0881-1260,C:/github/rw/AV-HuBERT-S2S/GLips/lipread_files/allein/test/allein_0881-1260.mp4,C:/github/rw/AV-HuBERT-S2S/GLips/lipread_files/allein/test/allein_0881-1260.wav,allein,C:/github/rw/AV-HuBERT-S2S/dummy_files/allein_0881-1260_dummy_video.mp4,C:/github/rw/AV-HuBERT-S2S/dummy_files/allein_0881-1260_dummy_audio.wav
allein_0901-1294,C:/github/rw/AV-HuBERT-S2S/GLips/lipread_files/allein/test/allein_0901-1294.mp4,C:/github/rw/AV-HuBERT-S2S/GLips/lipread_files/allein/test/allein_0901-1294.wav,allein,C:/github/rw/AV-HuBERT-S2S/dummy_files/allein_0901-1294_dummy_video.mp4,C:/github/rw/AV-HuBERT-S2S/dummy_files/allein_0901-1294_dummy_audio.wav
allein_0936-0027,C:/github/rw/AV-HuBERT-S2S/GLips/lipread_files/allein/test/allein_0936-0027.mp4,C:/github/rw/AV-HuBERT-S2S/GLips/lipread_files/allein/test/allein_0936-0027.wav,allein,C:/github/rw/AV-HuBERT-S2S/dummy_files/allein_0936-0027_dummy_video.mp4,C:/github/rw/AV-HuBERT-S2S/dummy_files/allein_0936-0027_dummy_audio.wav
allein_0954-0046,C:/github/rw/AV-HuBERT-S2S/GLips/lipread_files/allein/test/allein_0954-0046.mp4,C:/github/rw/AV-HuBERT-S2S/GLips/lipread_files/allein/test/allein_0954-0046.wav,allein,C:/github/rw/AV-HuBERT-S2S/dummy_files/allein_0954-0046_dummy_video.mp4,C:/github/rw/AV-HuBERT-S2S/dummy_files/allein_0954-0046_dummy_audio.wav
allein_0961-0056,C:/github/rw/AV-HuBERT-S2S/GLips/lipread_files/allein/test/allein_0961-0056.mp4,C:/github/rw/AV-HuBERT-S2S/GLips/lipread_files/allein/test/allein_0961-0056.wav,allein,C:/github/rw/AV-HuBERT-S2S/dummy_files/allein_0961-0056_dummy_video.mp4,C:/github/rw/AV-HuBERT-S2S/dummy_files/allein_0961-0056_dummy_audio.wav
allein_0978-0080,C:/github/rw/AV-HuBERT-S2S/GLips/lipread_files/allein/test/allein_0978-0080.mp4,C:/github/rw/AV-HuBERT-S2S/GLips/lipread_files/allein/test/allein_0978-0080.wav,allein,C:/github/rw/AV-HuBERT-S2S/dummy_files/allein_0978-0080_dummy_video.mp4,C:/github/rw/AV-HuBERT-S2S/dummy_files/allein_0978-0080_dummy_audio.wav
allein_0981-0083,C:/github/rw/AV-HuBERT-S2S/GLips/lipread_files/allein/test/allein_0981-0083.mp4,C:/github/rw/AV-HuBERT-S2S/GLips/lipread_files/allein/test/allein_0981-0083.wav,allein,C:/github/rw/AV-HuBERT-S2S/dummy_files/allein_0981-0083_dummy_video.mp4,C:/github/rw/AV-HuBERT-S2S/dummy_files/allein_0981-0083_dummy_audio.wav
allein_1026-0130,C:/github/rw/AV-HuBERT-S2S/GLips/lipread_files/allein/test/allein_1026-0130.mp4,C:/github/rw/AV-HuBERT-S2S/GLips/lipread_files/allein/test/allein_1026-0130.wav,allein,C:/github/rw/AV-HuBERT-S2S/dummy_files/allein_1026-0130_dummy_video.mp4,C:/github/rw/AV-HuBERT-S2S/dummy_files/allein_1026-0130_dummy_audio.wav
allem_0049-0302,C:/github/rw/AV-HuBERT-S2S/GLips/lipread_files/allem/test/allem_0049-0302.mp4,C:/github/rw/AV-HuBERT-S2S/GLips/lipread_files/allem/test/allem_0049-0302.wav,allem,C:/github/rw/AV-HuBERT-S2S/dummy_files/allem_0049-0302_dummy_video.mp4,C:/github/rw/AV-HuBERT-S2S/dummy_files/allem_0049-0302_dummy_audio.wav
allem_0051-0312,C:/github/rw/AV-HuBERT-S2S/GLips/lipread_files/allem/test/allem_0051-0312.mp4,C:/github/rw/AV-HuBERT-S2S/GLips/lipread_files/allem/test/allem_0051-0312.wav,allem,C:/github/rw/AV-HuBERT-S2S/dummy_files/allem_0051-0312_dummy_video.mp4,C:/github/rw/AV-HuBERT-S2S/dummy_files/allem_0051-0312_dummy_audio.wav
allem_0061-0323,C:/github/rw/AV-HuBERT-S2S/GLips/lipread_files/allem/test/allem_0061-0323.mp4,C:/github/rw/AV-HuBERT-S2S/GLips/lipread_files/allem/test/allem_0061-0323.wav,allem,C:/github/rw/AV-HuBERT-S2S/dummy_files/allem_0061-0323_dummy_video.mp4,C:/github/rw/AV-HuBERT-S2S/dummy_files/allem_0061-0323_dummy_audio.wav
allem_0069-0327,C:/github/rw/AV-HuBERT-S2S/GLips/lipread_files/allem/test/allem_0069-0327.mp4,C:/github/rw/AV-HuBERT-S2S/GLips/lipread_files/allem/test/allem_0069-0327.wav,allem,C:/github/rw/AV-HuBERT-S2S/dummy_files/allem_0069-0327_dummy_video.mp4,C:/github/rw/AV-HuBERT-S2S/dummy_files/allem_0069-0327_dummy_audio.wav
allem_0090-0363,C:/github/rw/AV-HuBERT-S2S/GLips/lipread_files/allem/test/allem_0090-0363.mp4,C:/github/rw/AV-HuBERT-S2S/GLips/lipread_files/allem/test/allem_0090-0363.wav,allem,C:/github/rw/AV-HuBERT-S2S/dummy_files/allem_0090-0363_dummy_video.mp4,C:/github/rw/AV-HuBERT-S2S/dummy_files/allem_0090-0363_dummy_audio.wav
allem_0119-1421,C:/github/rw/AV-HuBERT-S2S/GLips/lipread_files/allem/test/allem_0119-1421.mp4,C:/github/rw/AV-HuBERT-S2S/GLips/lipread_files/allem/test/allem_0119-1421.wav,allem,C:/github/rw/AV-HuBERT-S2S/dummy_files/allem_0119-1421_dummy_video.mp4,C:/github/rw/AV-HuBERT-S2S/dummy_files/allem_0119-1421_dummy_audio.wav
allem_0127-0449,C:/github/rw/AV-HuBERT-S2S/GLips/lipread_files/allem/test/allem_0127-0449.mp4,C:/github/rw/AV-HuBERT-S2S/GLips/lipread_files/allem/test/allem_0127-0449.wav,allem,C:/github/rw/AV-HuBERT-S2S/dummy_files/allem_0127-0449_dummy_video.mp4,C:/github/rw/AV-HuBERT-S2S/dummy_files/allem_0127-0449_dummy_audio.wav
allem_0135-0460,C:/github/rw/AV-HuBERT-S2S/GLips/lipread_files/allem/test/allem_0135-0460.mp4,C:/github/rw/AV-HuBERT-S2S/GLips/lipread_files/allem/test/allem_0135-0460.wav,allem,C:/github/rw/AV-HuBERT-S2S/dummy_files/allem_0135-0460_dummy_video.mp4,C:/github/rw/AV-HuBERT-S2S/dummy_files/allem_0135-0460_dummy_audio.wav
allem_0157-0501,C:/github/rw/AV-HuBERT-S2S/GLips/lipread_files/allem/test/allem_0157-0501.mp4,C:/github/rw/AV-HuBERT-S2S/GLips/lipread_files/allem/test/allem_0157-0501.wav,allem,C:/github/rw/AV-HuBERT-S2S/dummy_files/allem_0157-0501_dummy_video.mp4,C:/github/rw/AV-HuBERT-S2S/dummy_files/allem_0157-0501_dummy_audio.wav
allem_0176-0535,C:/github/rw/AV-HuBERT-S2S/GLips/lipread_files/allem/test/allem_0176-0535.mp4,C:/github/rw/AV-HuBERT-S2S/GLips/lipread_files/allem/test/allem_0176-0535.wav,allem,C:/github/rw/AV-HuBERT-S2S/dummy_files/allem_0176-0535_dummy_video.mp4,C:/github/rw/AV-HuBERT-S2S/dummy_files/allem_0176-0535_dummy_audio.wav
allem_0197-0570,C:/github/rw/AV-HuBERT-S2S/GLips/lipread_files/allem/test/allem_0197-0570.mp4,C:/github/rw/AV-HuBERT-S2S/GLips/lipread_files/allem/test/allem_0197-0570.wav,allem,C:/github/rw/AV-HuBERT-S2S/dummy_files/allem_0197-0570_dummy_video.mp4,C:/github/rw/AV-HuBERT-S2S/dummy_files/allem_0197-0570_dummy_audio.wav
allem_0227-0649,C:/github/rw/AV-HuBERT-S2S/GLips/lipread_files/allem/test/allem_0227-0649.mp4,C:/github/rw/AV-HuBERT-S2S/GLips/lipread_files/allem/test/allem_0227-0649.wav,allem,C:/github/rw/AV-HuBERT-S2S/dummy_files/allem_0227-0649_dummy_video.mp4,C:/github/rw/AV-HuBERT-S2S/dummy_files/allem_0227-0649_dummy_audio.wav
allem_0254-0696,C:/github/rw/AV-HuBERT-S2S/GLips/lipread_files/allem/test/allem_0254-0696.mp4,C:/github/rw/AV-HuBERT-S2S/GLips/lipread_files/allem/test/allem_0254-0696.wav,allem,C:/github/rw/AV-HuBERT-S2S/dummy_files/allem_0254-0696_dummy_video.mp4,C:/github/rw/AV-HuBERT-S2S/dummy_files/allem_0254-0696_dummy_audio.wav
allem_0358-0891,C:/github/rw/AV-HuBERT-S2S/GLips/lipread_files/allem/test/allem_0358-0891.mp4,C:/github/rw/AV-HuBERT-S2S/GLips/lipread_files/allem/test/allem_0358-0891.wav,allem,C:/github/rw/AV-HuBERT-S2S/dummy_files/allem_0358-0891_dummy_video.mp4,C:/github/rw/AV-HuBERT-S2S/dummy_files/allem_0358-0891_dummy_audio.wav
allem_0358-0894,C:/github/rw/AV-HuBERT-S2S/GLips/lipread_files/allem/test/allem_0358-0894.mp4,C:/github/rw/AV-HuBERT-S2S/GLips/lipread_files/allem/test/allem_0358-0894.wav,allem,C:/github/rw/AV-HuBERT-S2S/dummy_files/allem_0358-0894_dummy_video.mp4,C:/github/rw/AV-HuBERT-S2S/dummy_files/allem_0358-0894_dummy_audio.wav
allem_0365-0906,C:/github/rw/AV-HuBERT-S2S/GLips/lipread_files/allem/test/allem_0365-0906.mp4,C:/github/rw/AV-HuBERT-S2S/GLips/lipread_files/allem/test/allem_0365-0906.wav,allem,C:/github/rw/AV-HuBERT-S2S/dummy_files/allem_0365-0906_dummy_video.mp4,C:/github/rw/AV-HuBERT-S2S/dummy_files/allem_0365-0906_dummy_audio.wav
allem_0397-0965,C:/github/rw/AV-HuBERT-S2S/GLips/lipread_files/allem/test/allem_0397-0965.mp4,C:/github/rw/AV-HuBERT-S2S/GLips/lipread_files/allem/test/allem_0397-0965.wav,allem,C:/github/rw/AV-HuBERT-S2S/dummy_files/allem_0397-0965_dummy_video.mp4,C:/github/rw/AV-HuBERT-S2S/dummy_files/allem_0397-0965_dummy_audio.wav
allem_0402-0972,C:/github/rw/AV-HuBERT-S2S/GLips/lipread_files/allem/test/allem_0402-0972.mp4,C:/github/rw/AV-HuBERT-S2S/GLips/lipread_files/allem/test/allem_0402-0972.wav,allem,C:/github/rw/AV-HuBERT-S2S/dummy_files/allem_0402-0972_dummy_video.mp4,C:/github/rw/AV-HuBERT-S2S/dummy_files/allem_0402-0972_dummy_audio.wav
allem_0461-1098,C:/github/rw/AV-HuBERT-S2S/GLips/lipread_files/allem/test/allem_0461-1098.mp4,C:/github/rw/AV-HuBERT-S2S/GLips/lipread_files/allem/test/allem_0461-1098.wav,allem,C:/github/rw/AV-HuBERT-S2S/dummy_files/allem_0461-1098_dummy_video.mp4,C:/github/rw/AV-HuBERT-S2S/dummy_files/allem_0461-1098_dummy_audio.wav
allem_0476-1134,C:/github/rw/AV-HuBERT-S2S/GLips/lipread_files/allem/test/allem_0476-1134.mp4,C:/github/rw/AV-HuBERT-S2S/GLips/lipread_files/allem/test/allem_0476-1134.wav,allem,C:/github/rw/AV-HuBERT-S2S/dummy_files/allem_0476-1134_dummy_video.mp4,C:/github/rw/AV-HuBERT-S2S/dummy_files/allem_0476-1134_dummy_audio.wav
allem_0512-1205,C:/github/rw/AV-HuBERT-S2S/GLips/lipread_files/allem/test/allem_0512-1205.mp4,C:/github/rw/AV-HuBERT-S2S/GLips/lipread_files/allem/test/allem_0512-1205.wav,allem,C:/github/rw/AV-HuBERT-S2S/dummy_files/allem_0512-1205_dummy_video.mp4,C:/github/rw/AV-HuBERT-S2S/dummy_files/allem_0512-1205_dummy_audio.wav
allem_0558-1256,C:/github/rw/AV-HuBERT-S2S/GLips/lipread_files/allem/test/allem_0558-1256.mp4,C:/github/rw/AV-HuBERT-S2S/GLips/lipread_files/allem/test/allem_0558-1256.wav,allem,C:/github/rw/AV-HuBERT-S2S/dummy_files/allem_0558-1256_dummy_video.mp4,C:/github/rw/AV-HuBERT-S2S/dummy_files/allem_0558-1256_dummy_audio.wav
allem_0562-1267,C:/github/rw/AV-HuBERT-S2S/GLips/lipread_files/allem/test/allem_0562-1267.mp4,C:/github/rw/AV-HuBERT-S2S/GLips/lipread_files/allem/test/allem_0562-1267.wav,allem,C:/github/rw/AV-HuBERT-S2S/dummy_files/allem_0562-1267_dummy_video.mp4,C:/github/rw/AV-HuBERT-S2S/dummy_files/allem_0562-1267_dummy_audio.wav
allem_0562-1270,C:/github/rw/AV-HuBERT-S2S/GLips/lipread_files/allem/test/allem_0562-1270.mp4,C:/github/rw/AV-HuBERT-S2S/GLips/lipread_files/allem/test/allem_0562-1270.wav,allem,C:/github/rw/AV-HuBERT-S2S/dummy_files/allem_0562-1270_dummy_video.mp4,C:/github/rw/AV-HuBERT-S2S/dummy_files/allem_0562-1270_dummy_audio.wav
allem_0577-1299,C:/github/rw/AV-HuBERT-S2S/GLips/lipread_files/allem/test/allem_0577-1299.mp4,C:/github/rw/AV-HuBERT-S2S/GLips/lipread_files/allem/test/allem_0577-1299.wav,allem,C:/github/rw/AV-HuBERT-S2S/dummy_files/allem_0577-1299_dummy_video.mp4,C:/github/rw/AV-HuBERT-S2S/dummy_files/allem_0577-1299_dummy_audio.wav
allem_0589-1391,C:/github/rw/AV-HuBERT-S2S/GLips/lipread_files/allem/test/allem_0589-1391.mp4,C:/github/rw/AV-HuBERT-S2S/GLips/lipread_files/allem/test/allem_0589-1391.wav,allem,C:/github/rw/AV-HuBERT-S2S/dummy_files/allem_0589-1391_dummy_video.mp4,C:/github/rw/AV-HuBERT-S2S/dummy_files/allem_0589-1391_dummy_audio.wav
allem_0609-1455,C:/github/rw/AV-HuBERT-S2S/GLips/lipread_files/allem/test/allem_0609-1455.mp4,C:/github/rw/AV-HuBERT-S2S/GLips/lipread_files/allem/test/allem_0609-1455.wav,allem,C:/github/rw/AV-HuBERT-S2S/dummy_files/allem_0609-1455_dummy_video.mp4,C:/github/rw/AV-HuBERT-S2S/dummy_files/allem_0609-1455_dummy_audio.wav
allem_0612-1466,C:/github/rw/AV-HuBERT-S2S/GLips/lipread_files/allem/test/allem_0612-1466.mp4,C:/github/rw/AV-HuBERT-S2S/GLips/lipread_files/allem/test/allem_0612-1466.wav,allem,C:/github/rw/AV-HuBERT-S2S/dummy_files/allem_0612-1466_dummy_video.mp4,C:/github/rw/AV-HuBERT-S2S/dummy_files/allem_0612-1466_dummy_audio.wav
allem_0629-1505,C:/github/rw/AV-HuBERT-S2S/GLips/lipread_files/allem/test/allem_0629-1505.mp4,C:/github/rw/AV-HuBERT-S2S/GLips/lipread_files/allem/test/allem_0629-1505.wav,allem,C:/github/rw/AV-HuBERT-S2S/dummy_files/allem_0629-1505_dummy_video.mp4,C:/github/rw/AV-HuBERT-S2S/dummy_files/allem_0629-1505_dummy_audio.wav
allem_0732-1681,C:/github/rw/AV-HuBERT-S2S/GLips/lipread_files/allem/test/allem_0732-1681.mp4,C:/github/rw/AV-HuBERT-S2S/GLips/lipread_files/allem/test/allem_0732-1681.wav,allem,C:/github/rw/AV-HuBERT-S2S/dummy_files/allem_0732-1681_dummy_video.mp4,C:/github/rw/AV-HuBERT-S2S/dummy_files/allem_0732-1681_dummy_audio.wav
allem_0755-1719,C:/github/rw/AV-HuBERT-S2S/GLips/lipread_files/allem/test/allem_0755-1719.mp4,C:/github/rw/AV-HuBERT-S2S/GLips/lipread_files/allem/test/allem_0755-1719.wav,allem,C:/github/rw/AV-HuBERT-S2S/dummy_files/allem_0755-1719_dummy_video.mp4,C:/github/rw/AV-HuBERT-S2S/dummy_files/allem_0755-1719_dummy_audio.wav
allem_0784-1799,C:/github/rw/AV-HuBERT-S2S/GLips/lipread_files/allem/test/allem_0784-1799.mp4,C:/github/rw/AV-HuBERT-S2S/GLips/lipread_files/allem/test/allem_0784-1799.wav,allem,C:/github/rw/AV-HuBERT-S2S/dummy_files/allem_0784-1799_dummy_video.mp4,C:/github/rw/AV-HuBERT-S2S/dummy_files/allem_0784-1799_dummy_audio.wav
allem_0787-1804,C:/github/rw/AV-HuBERT-S2S/GLips/lipread_files/allem/test/allem_0787-1804.mp4,C:/github/rw/AV-HuBERT-S2S/GLips/lipread_files/allem/test/allem_0787-1804.wav,allem,C:/github/rw/AV-HuBERT-S2S/dummy_files/allem_0787-1804_dummy_video.mp4,C:/github/rw/AV-HuBERT-S2S/dummy_files/allem_0787-1804_dummy_audio.wav
allem_0788-1808,C:/github/rw/AV-HuBERT-S2S/GLips/lipread_files/allem/test/allem_0788-1808.mp4,C:/github/rw/AV-HuBERT-S2S/GLips/lipread_files/allem/test/allem_0788-1808.wav,allem,C:/github/rw/AV-HuBERT-S2S/dummy_files/allem_0788-1808_dummy_video.mp4,C:/github/rw/AV-HuBERT-S2S/dummy_files/allem_0788-1808_dummy_audio.wav
allem_0809-1847,C:/github/rw/AV-HuBERT-S2S/GLips/lipread_files/allem/test/allem_0809-1847.mp4,C:/github/rw/AV-HuBERT-S2S/GLips/lipread_files/allem/test/allem_0809-1847.wav,allem,C:/github/rw/AV-HuBERT-S2S/dummy_files/allem_0809-1847_dummy_video.mp4,C:/github/rw/AV-HuBERT-S2S/dummy_files/allem_0809-1847_dummy_audio.wav
allem_0828-1878,C:/github/rw/AV-HuBERT-S2S/GLips/lipread_files/allem/test/allem_0828-1878.mp4,C:/github/rw/AV-HuBERT-S2S/GLips/lipread_files/allem/test/allem_0828-1878.wav,allem,C:/github/rw/AV-HuBERT-S2S/dummy_files/allem_0828-1878_dummy_video.mp4,C:/github/rw/AV-HuBERT-S2S/dummy_files/allem_0828-1878_dummy_audio.wav
allem_0829-1881,C:/github/rw/AV-HuBERT-S2S/GLips/lipread_files/allem/test/allem_0829-1881.mp4,C:/github/rw/AV-HuBERT-S2S/GLips/lipread_files/allem/test/allem_0829-1881.wav,allem,C:/github/rw/AV-HuBERT-S2S/dummy_files/allem_0829-1881_dummy_video.mp4,C:/github/rw/AV-HuBERT-S2S/dummy_files/allem_0829-1881_dummy_audio.wav
allem_0841-1909,C:/github/rw/AV-HuBERT-S2S/GLips/lipread_files/allem/test/allem_0841-1909.mp4,C:/github/rw/AV-HuBERT-S2S/GLips/lipread_files/allem/test/allem_0841-1909.wav,allem,C:/github/rw/AV-HuBERT-S2S/dummy_files/allem_0841-1909_dummy_video.mp4,C:/github/rw/AV-HuBERT-S2S/dummy_files/allem_0841-1909_dummy_audio.wav
allem_0847-1913,C:/github/rw/AV-HuBERT-S2S/GLips/lipread_files/allem/test/allem_0847-1913.mp4,C:/github/rw/AV-HuBERT-S2S/GLips/lipread_files/allem/test/allem_0847-1913.wav,allem,C:/github/rw/AV-HuBERT-S2S/dummy_files/allem_0847-1913_dummy_video.mp4,C:/github/rw/AV-HuBERT-S2S/dummy_files/allem_0847-1913_dummy_audio.wav
allem_0866-1948,C:/github/rw/AV-HuBERT-S2S/GLips/lipread_files/allem/test/allem_0866-1948.mp4,C:/github/rw/AV-HuBERT-S2S/GLips/lipread_files/allem/test/allem_0866-1948.wav,allem,C:/github/rw/AV-HuBERT-S2S/dummy_files/allem_0866-1948_dummy_video.mp4,C:/github/rw/AV-HuBERT-S2S/dummy_files/allem_0866-1948_dummy_audio.wav
allem_0882-1986,C:/github/rw/AV-HuBERT-S2S/GLips/lipread_files/allem/test/allem_0882-1986.mp4,C:/github/rw/AV-HuBERT-S2S/GLips/lipread_files/allem/test/allem_0882-1986.wav,allem,C:/github/rw/AV-HuBERT-S2S/dummy_files/allem_0882-1986_dummy_video.mp4,C:/github/rw/AV-HuBERT-S2S/dummy_files/allem_0882-1986_dummy_audio.wav
